市场,代码,名称,电话
SH,600000,浦发银行,021-63611226
SH,600004,白云机场,020-36063595、36063593
SH,600005,武钢股份,027-86807873
SH,600006,东风汽车,0710-3392155
SH,600007,中国国贸,010-65052288
SH,600008,首创股份,010-64689035
SH,600009,上海机场,021-68341609
SH,600010,包钢股份,"0472-2189528,2189529"
SH,600011,华能国际,010-63226999
SH,600012,皖通高速,0551-5338697
SH,600015,华夏银行,"010-85239938,010-85238"
SH,600016,民生银行,010-68946790
SH,600017,日照港,0633-8388822
SH,600018,上港集团,021-55333388
SH,600019,宝钢股份,021-26647000
SH,600020,中原高速,0371-67717695
SH,600021,上海电力,021-51171016
SH,600022,济南钢铁,0531-8865480
SH,600026,中海发展,021-65966666
SH,600027,华电国际,010-83567888
SH,600028,中国石化,010-59960028
SH,600029,南方航空,020-86124462
SH,600030,中信证券,0755-83076918、010-8458
SH,600031,三一重工,0731-84031555
SH,600033,福建高速,0591-87077366
SH,600035,楚天高速,027-84863942
SH,600036,招商银行,0755-83198888
SH,600037,歌华有线,010-62035573
SH,600038,哈飞股份,0451-86528350
SH,600039,四川路桥,"028-85085853,8506804"
SH,600048,保利地产,020-89898000
SH,600050,中国联通,021-52732228
SH,600051,宁波联合,0574-6221609
SH,600052,浙江广厦,0571-87974176
SH,600053,中江地产,0791-8632392
SH,600054,黄山旅游,0559-5580567
SH,600055,万东医疗,010-84569688
SH,600056,中国医药,010-68404720
SH,600058,五矿发展,010-68494208
SH,600059,古越龙山,0575-85158435
SH,600060,海信电器,0532-83889556
SH,600061,中纺投资,021-62838888
SH,600062,双鹤药业,010-64742227
SH,600063,皖维高新,0565-2317280
SH,600064,南京高科,025-85800700
SH,600066,宇通客车,"0371-6718281,6899123"
SH,600067,冠城大通,0591-83353338
SH,600068,葛洲坝,027-83790673
SH,600069,银鸽投资,0395-5615559
SH,600070,浙江富润,0575-7017092
SH,600071,凤凰光学,0793-8259547
SH,600072,中船股份,021-53023456
SH,600073,上海梅林,021-65419725
SH,600074,*ST中达,0510-86686352
SH,600075,新疆天业,0993-2623163
SH,600076,ST华光,0536-2991601
SH,600077,ST百科,024-23530598
SH,600078,澄星股份,0510-80622327;0510-806
SH,600079,人福医药,027-87484232
SH,600080,*ST金花,029-82200221
SH,600081,东风科技,021-62033003-217
SH,600082,海泰发展,022-85689999
SH,600083,*ST博信,0763-3663333
SH,600084,*ST中葡,0991-8881238
SH,600085,同仁堂,010-67020018
SH,600086,东方金钰,0755－25266298
SH,600087,长航油运,025-58586145、025-58586
SH,600088,中视传媒,021-68763888
SH,600089,特变电工,0994-2724766
SH,600090,啤酒花,0991-3687305
SH,600091,*ST明科,0472-5967111
SH,600093,禾嘉股份,028-5155498
SH,600095,哈高科,0451-4348067
SH,600096,云天化,0870-8664324
SH,600097,开创国际,"021－65690310,021－65688"
SH,600098,广州控股,020-83606689
SH,600099,林海股份,0523-6551888
SH,600100,同方股份,010-82399988
SH,600101,明星电力,0825-2227626
SH,600102,莱钢股份,0634-6820601
SH,600103,青山纸业,0591-7588133
SH,600104,上海汽车,021-22011138
SH,600105,永鼎股份,0512-3254395
SH,600106,重庆路桥,023-62803632
SH,600107,美尔雅,"0714-6360299,6360298"
SH,600108,亚盛集团,0931-8857057
SH,600109,国金证券,028-86690021
SH,600110,中科英华,0431-85161088
SH,600111,包钢稀土,0472-5139097
SH,600112,长征电气,0852-8620788
SH,600113,浙江东日,0577-88835216
SH,600114,东睦股份,0574-87841061
SH,600115,东方航空,021-62686268
SH,600116,三峡水利,023-63801161
SH,600117,西宁特钢,0971-5299089
SH,600118,中国卫星,010-68197793;68118118转
SH,600119,长江投资,021-68407007
SH,600120,浙江东方,0571-87215011
SH,600121,郑州煤电,0371-87785121
SH,600122,宏图高科,025-83274692、83274691
SH,600123,兰花科创,0356-2040123
SH,600125,铁龙物流,0411-2810881
SH,600126,杭钢股份,"0571-88132917,88144301"
SH,600127,金健米业,0736-7308661
SH,600128,弘业股份,025-2308738
SH,600129,太极集团,"023-72800072,89886129"
SH,600130,ST波导,0574-88918855
SH,600131,岷江水电,028-87292621
SH,600132,重庆啤酒,023－89069086
SH,600133,东湖高新,027-8751686
SH,600135,乐凯胶片,0312-3302372
SH,600136,道博股份,027-81732221
SH,600137,浪莎股份,0831-8216216
SH,600138,中青旅,"010-58158702,58158705"
SH,600139,西部资源,028-6200596
SH,600141,兴发集团,"0717-2582619,2582609"
SH,600143,金发科技,020-87037333
SH,600145,*ST四维,023-61088888
SH,600146,大元股份,010-82332716
SH,600148,长春一东,0431-85158520
SH,600149,*ST建通,010-64795515
SH,600150,中国船舶,021-68860618
SH,600151,航天机电,021-64827176
SH,600152,维科精华,0574-87341480
SH,600153,建发股份,0592-2132319
SH,600155,*ST宝硕,0312-3109607
SH,600156,华升股份,0731-85237818
SH,600157,永泰能源,010－84351359
SH,600158,中体产业,010-65536158
SH,600159,大龙地产,0476-4800807
SH,600160,巨化股份,0570-3091688
SH,600161,天坛生物,010-65724045
SH,600162,香江控股,020-34821006
SH,600163,福建南纸,0599-8808806
SH,600165,宁夏恒力,0952-3671226
SH,600166,福田汽车,010-65794148
SH,600167,联美控股,024-23784835
SH,600168,武汉控股,027-85725739
SH,600169,太原重工,0351-6361155
SH,600170,上海建工,021-55885959
SH,600171,上海贝岭,021-64850700
SH,600172,黄河旋风,0374-6165530
SH,600173,卧龙地产,0453-6497558
SH,600175,美都控股,0571-88301388
SH,600176,中国玻纤,010-88028660
SH,600177,雅戈尔,0574-87425136
SH,600178,东安动力,0451-86528172
SH,600179,ST黑化,0452-8927290
SH,600180,*ST九发,0535-6623880、152662197
SH,600182,S佳通,"021-51535400,021-51535"
SH,600183,生益科技,0769-2271828
SH,600184,光电股份,029-82537951
SH,600185,格力地产,"029-82307606,82307605"
SH,600186,莲花味精,0394-4298666
SH,600187,国中水务,010-51695607
SH,600188,兖州煤业,0537-5383310
SH,600189,吉林森工,0431-88912969
SH,600190,锦州港,0416-3586462
SH,600191,华资实业,0472-4190473
SH,600192,长城电工,0931-8415001
SH,600193,创兴资源,021-58125999
SH,600195,中牧股份,010-63702195
SH,600196,复星医药,021-63325858
SH,600197,伊力特,0999-8028819
SH,600198,大唐电信,010-58919172
SH,600199,金种子酒,0558-2212836-2258
SH,600200,江苏吴中,"0512-65272131,656186"
SH,600201,金宇集团,0471-5972266-259
SH,600202,哈空调,0451-4644521
SH,600203,*ST福日,0591-3318998
SH,600206,有研硅股,010-62355380
SH,600207,ST安彩,0372-3932916-2533
SH,600208,新湖中宝,0573-2080040
SH,600209,*ST罗顿,0898-66258868
SH,600210,紫江企业,021-62377118
SH,600211,西藏药业,0891-6837756
SH,600212,江泉实业,0539-7100051
SH,600213,亚星客车,0514-7850400
SH,600215,长春经开,0431-84644225
SH,600216,浙江医药,0571-7213883
SH,600217,*ST秦岭,0919-6231630
SH,600218,全柴动力,0550-5038369
SH,600219,南山铝业,0535-8616188
SH,600220,江苏阳光,0510-86121688
SH,600221,海南航空,0898-66739961
SH,600222,太龙药业,0371-67982194
SH,600223,鲁商置业,0531-66699999
SH,600225,天津松江,022-88388166
SH,600226,升华拜克,0572-8402738
SH,600227,赤天化,0852-2878518
SH,600228,*ST昌九,0791-8504560
SH,600229,青岛碱业,0532-4822574
SH,600230,沧州大化,0317-3556143
SH,600231,凌钢股份,0421-6838259
SH,600232,金鹰股份,0580-8021228
SH,600233,大杨创世,0411-87555199
SH,600234,ST天龙,0351-4040922
SH,600235,民丰特纸,0573-82812992
SH,600236,桂冠电力,0771-5636271
SH,600237,铜峰电子,0562-2819178
SH,600238,海南椰岛,0898-66532987
SH,600239,云南城投,0871-7199767
SH,600240,华业地产,010-85710735
SH,600241,时代万恒,0411-82798317
SH,600242,中昌海运,0662-2881697
SH,600243,青海华鼎,0971-7111158
SH,600246,万通地产,010-66517811
SH,600247,成城股份,010-57593160
SH,600248,延长化建,029-87036123
SH,600249,两面针,0772-2506159
SH,600250,南纺股份,025-83331602
SH,600251,冠农股份,0996-2113816
SH,600252,中恒集团,0774-3939039
SH,600253,天方药业,0396-3823517
SH,600255,鑫科材料,0553-5847323
SH,600256,广汇股份,0991-3762327
SH,600257,大湖股份,0736-7252796
SH,600258,首旅股份,010-66014466-446
SH,600259,广晟有色,"0898-68587830,020-8722"
SH,600260,凯乐科技,027-87250890
SH,600261,阳光照明,"0575-82027720,82027721"
SH,600262,北方股份,0472-2207888
SH,600263,路桥建设,010-64182079
SH,600265,景谷林业,0879-5224480
SH,600266,北京城建,010-82275566
SH,600267,海正药业,0571-85278141
SH,600268,国电南自,025-83410173、83537368
SH,600269,赣粤高速,0791-6504269
SH,600270,外运发展,010-68405635
SH,600271,航天信息,010-82513232-366
SH,600272,开开实业,021-62876092、021-62876
SH,600273,华芳纺织,0512-58438202
SH,600275,ST昌鱼,"0711-3200330,010-65801"
SH,600276,恒瑞医药,0518-5457194
SH,600277,亿利能源,0477-8372708
SH,600278,东方创业,021-62785521
SH,600279,重庆港九,023-63725685
SH,600280,南京中商,025-84717725
SH,600281,*ST太化,0351-5638123
SH,600282,南钢股份,025-57072073
SH,600283,钱江水利,0571-88822250
SH,600284,浦东建设,021-58206677-244
SH,600285,羚锐制药,0397-2973569
SH,600287,江苏舜天,025-84201882
SH,600288,大恒科技,010-82827855
SH,600289,亿阳信通,010-88157899
SH,600290,华仪电气,0512-7524718
SH,600291,西水股份,0473-4661666
SH,600292,九龙电力,023-68637303
SH,600293,三峡新材,0717-3280108
SH,600295,鄂尔多斯,0477-8543509
SH,600297,美罗药业,0411-84820297
SH,600298,安琪酵母,0717-6369865
SH,600299,*ST新材,010-82070614
SH,600300,维维股份,"0516-83290169,83398999"
SH,600301,*ST南化,0771-4834872
SH,600302,标准股份,029-8279352
SH,600303,曙光股份,0415-4146825
SH,600305,恒顺醋业,0511-5233758
SH,600306,商业城,024-24865832
SH,600307,酒钢宏兴,0937-6715510
SH,600308,华泰股份,0546-6888889
SH,600309,烟台万华,0535-6698537
SH,600310,桂东电力,0774-5297881
SH,600311,荣华实业,0935-6151222
SH,600312,平高电气,0375-3804064
SH,600315,上海家化,021-65456400
SH,600316,洪都航空,0791-8467844
SH,600317,营口港,0417-6268506
SH,600318,巢东股份,0565-2389232
SH,600319,亚星化学,010-57593160
SH,600320,振华重工,021-58396666
SH,600321,国栋建设,028-86119148
SH,600322,天房发展,022-23317185
SH,600323,南海发展,0757-86280996
SH,600325,华发股份,0756-8282111
SH,600326,西藏天路,"0891-6902701,6902702"
SH,600327,大东方,"0510-2700978,270209"
SH,600328,兰太实业,0473-3443785
SH,600329,中新药业,022-27020926
SH,600330,天通股份,0573-7230878
SH,600331,宏达股份,028-86141081
SH,600332,广州药业,020-81218103
SH,600333,长春燃气,0431-5954665
SH,600335,*ST盛工,022-24935580
SH,600336,澳柯玛,0532-86765129
SH,600337,美克股份,0991-3836028
SH,600338,ST珠峰,021-66284908
SH,600339,天利高新,0992-3877118
SH,600340,ST国祥,010-84518366
SH,600343,航天动力,029-85208628
SH,600345,长江通信,027-67840308
SH,600346,大橡塑,0411-86641378
SH,600348,国阳新能,0353-7078568
SH,600350,山东高速,0531-89260052
SH,600351,亚宝药业,0359-3388076
SH,600352,浙江龙盛,0575-82048616
SH,600353,旭光股份,028-83967182
SH,600354,敦煌种业,0937-2663908
SH,600355,ST精伦,027-87921111-3226
SH,600356,恒丰纸业,0453-6336668
SH,600358,国旅联合,025-84700028
SH,600359,新农开发,"0997-2134018,2125499"
SH,600360,华微电子,0432-64684562
SH,600361,华联综超,010-88363718
SH,600362,江西铜业,0701-3777735
SH,600363,联创光电,0791-8161956
SH,600365,*ST通葡,0435-3948012
SH,600366,宁波韵升,0574-27862218
SH,600367,红星发展,0853-6780066
SH,600368,五洲交通,"0771-5520235,5518383"
SH,600369,西南证券,023-63786433
SH,600370,三房巷,0510-86229867
SH,600371,万向德农,0451-82368448
SH,600372,中航电子,0798-8462778/010-84409
SH,600373,中文传媒,0793-8222649-6178
SH,600375,星马汽车,0555-8323038
SH,600376,首开股份,010-66428080
SH,600377,宁沪高速,025-84204028、84362700转
SH,600378,天科股份,028-5961516
SH,600379,宝光股份,0917-6788249
SH,600380,健康元,0755-86252388
SH,600381,ST贤成,020-85506086
SH,600382,广东明珠,0753-3338549
SH,600383,金地集团,0755-83303333
SH,600385,ST金泰,0531-8902341
SH,600386,北巴传媒,010-68477383
SH,600387,海越股份,0575－87016161
SH,600388,龙净环保,0597-2210288
SH,600389,江山股份,0513-83517961
SH,600390,金瑞科技,0731-8657399
SH,600391,成发科技,"028-89358616,89358665"
SH,600392,太工天成,0351-7035765～773
SH,600393,东华实业,020-87393888
SH,600395,盘江股份,0858－3703046
SH,600396,金山股份,024-83996000
SH,600397,安源股份,0799-6581363
SH,600398,凯诺科技,0510-86121388-3180
SH,600399,抚顺特钢,0413-6678441
SH,600400,红豆股份,0510-8761888
SH,600403,大有能源,0398－5887735
SH,600405,动力源,010-83681321
SH,600406,国电南瑞,025-3407064
SH,600408,安泰集团,0354-7531034
SH,600409,三友化工,"0315-8517040,8511642"
SH,600410,华胜天成,8610-82733988
SH,600415,小商品城,0579-85182700
SH,600416,湘电股份,0731-58595252、0731-585
SH,600418,江淮汽车,"0551-2296835,2296837"
SH,600419,ST天宏,0993-7526018
SH,600420,现代制药,0821-62510990
SH,600421,ST国药,027-87654767
SH,600422,昆明制药,0871-8324311
SH,600423,柳化股份,0772-2516580
SH,600425,青松建化,0997-2813793
SH,600426,华鲁恒升,0531-6118869
SH,600428,中远航运,020-62621288
SH,600429,三元股份,010-82411798
SH,600432,吉恩镍业,0432-65610887
SH,600433,冠豪高新,0759-3399898
SH,600435,中兵光电,010-58089788
SH,600436,片仔癀,0596-2300313
SH,600438,通威股份,"028-85188888,85150888"
SH,600439,瑞贝卡,0374-5136699
SH,600444,*ST国通,0551-3817860
SH,600446,金证股份,0755-86393989
SH,600448,华纺股份,0543-3288255
SH,600449,赛马实业,0951-2085256
SH,600452,涪陵电力,023-72286349
SH,600456,宝钛股份,0917-3382026
SH,600458,时代新材,0733-2837786
SH,600459,贵研铂业,0871-5123338
SH,600460,士兰微,0571-88212980
SH,600461,洪城水业,"0791-5235057,5210336"
SH,600462,*ST石岘,0433-3810015
SH,600463,空港股份,010-80489305
SH,600466,迪康药业,028-85123800
SH,600467,好当家,0631-7438073
SH,600468,百利电气,022-23979181
SH,600469,风神股份,0391-3999006
SH,600470,六国化工,0562-3801728
SH,600475,华光股份,0510-85215556
SH,600476,湘邮科技,"0731-8998688,8998858"
SH,600477,杭萧钢构,0571-87246788
SH,600478,科力远,0731-88983638
SH,600479,千金药业,0733-22490083
SH,600480,凌云股份,0312-3951002
SH,600481,双良节能,0510-6632358
SH,600482,风帆股份,0312-3208529
SH,600483,福建南纺,"0599-8813015,8813092"
SH,600485,中创信测,"010-62100118,62100102"
SH,600486,扬农化工,0514-85870486
SH,600487,亨通光电,0512-63430985
SH,600488,天药股份,022-24160800-1011
SH,600489,中金黄金,010-84129608
SH,600490,*ST合臣,021-61677666、021-61677
SH,600491,龙元建设,021-65615689
SH,600493,凤竹纺织,0595-85656506
SH,600495,晋西车轴,0351-6628286
SH,600496,精工钢构,0564-3321848
SH,600497,驰宏锌锗,0874-8966698
SH,600498,烽火通信,027-87693885
SH,600499,科达机电,"0757-23833869,23832999"
SH,600500,中化国际,"021-50498899,50475048"
SH,600501,航天晨光,025-52826030
SH,600502,安徽水利,0552-3950553
SH,600503,华丽家族,021-62376199
SH,600505,西昌电力,"0834-3830007,383010"
SH,600506,ST香梨,0996-2115936
SH,600507,方大特钢,"0791-8394025,8394075"
SH,600508,上海能源,021-58218560
SH,600509,天富热电,"0993-2901128,2902860"
SH,600510,黑牡丹,0519-8111238
SH,600511,国药股份,010-67262920
SH,600512,腾达建设,0576-2522526
SH,600513,联环药业,0514-87813082
SH,600515,ST筑信,0898-68876403、68876404
SH,600516,方大炭素,0931-6234288
SH,600517,置信电气,021-62623388
SH,600518,康美药业,0663-2917777
SH,600519,贵州茅台,0852-2386002
SH,600520,中发科技,0562-2627520
SH,600521,华海药业,0576-5010288
SH,600522,中天科技,0513-3599505
SH,600523,贵航股份,0851-3802670
SH,600525,长园集团,"0755-26717828,26719476"
SH,600526,菲达环保,0575-87211326
SH,600527,江南高纤,0512-65481181
SH,600528,中铁二局,028-66752811
SH,600529,山东药玻,0533-3259016
SH,600530,交大昂立,021-54271688
SH,600531,豫光金铅,0391-6665836
SH,600532,华阳科技,0538-5826208
SH,600533,栖霞建设,025-5600533
SH,600535,天士力,022-26736999
SH,600536,中国软件,010-51508699
SH,600537,海通集团,"0574-63039988,63039966"
SH,600538,*ST国发,0779-3200619
SH,600539,ST狮头,0351-2857006
SH,600540,新赛股份,0909-2268156
SH,600543,莫高股份,"0931-8776219,8776209"
SH,600545,新疆城建,0991-4889831
SH,600546,山煤国际,0351-4645546
SH,600547,山东黄金,0531-67710376
SH,600548,深高速,0755-82945880
SH,600549,厦门钨业,0592-3351988
SH,600550,天威保变,0312-3252455
SH,600551,时代出版,0551-5321668
SH,600552,方兴科技,0552-4077780
SH,600555,九龙山,021-68407880
SH,600557,康缘药业,0518-85521990
SH,600558,大西洋,0813-5101327
SH,600559,老白干酒,0318-2122755
SH,600560,金自天正,010-83671666
SH,600561,江西长运,0791-6298107
SH,600562,*ST高陶,025-7377228
SH,600563,法拉电子,0592-6208778
SH,600565,迪马股份,023-69021876
SH,600566,洪城股份,0716-8221198
SH,600567,山鹰纸业,"0555-2826369,2826275"
SH,600568,中珠控股,027-59409632 
SH,600569,安阳钢铁,0372-3120175
SH,600570,恒生电子,0571-28828888
SH,600571,信雅达,0571-88866880
SH,600572,康恩贝,"0579-8901587,87046568"
SH,600573,惠泉啤酒,0595-7396105
SH,600575,芜湖港,0553-5840528
SH,600576,万好万家,0571-85866518
SH,600577,精达股份,0562-2809086
SH,600578,京能热电,010-88991155-3083
SH,600579,ST黄海,0532-4678085、84678085
SH,600580,卧龙电气,0575-82176629
SH,600581,八一钢铁,0991-3890166
SH,600582,天地科技,010-84262803
SH,600583,海油工程,022-25801800
SH,600584,长电科技,0510-6851811
SH,600585,海螺水泥,0553-8398927，8398976，8
SH,600586,金晶科技,"0533-3586666,3581306"
SH,600587,新华医疗,0533-2284275
SH,600588,用友软件,010-62436637、62436838
SH,600589,广东榕泰,0663-8676616
SH,600590,泰豪科技,0791-8110590
SH,600592,龙溪股份,0596-2072091
SH,600593,大连圣亚,0411-4685225
SH,600594,益佰制药,0851-4705590-8223
SH,600595,中孚实业,0371-64569088
SH,600596,新安股份,0571-64715693
SH,600597,光明乳业,021-54584520
SH,600598,北大荒,0451-55195980
SH,600599,熊猫烟花,0731-83620963
SH,600600,青岛啤酒,0532-5713831
SH,600601,方正科技,"021-58407668,021-58400"
SH,600602,广电电子,021-62980202-646
SH,600603,ST兴业,"021-63567603,63563309"
SH,600604,*ST二纺,021-65318888
SH,600605,汇通能源,021-62560000
SH,600606,金丰投资,021-63592020
SH,600608,*ST沪科,021-32538188
SH,600609,ST金杯,024-24803399
SH,600610,SST中纺,021-65432970
SH,600611,大众交通,021-64289122
SH,600612,老凤祥,021-58549624-各部
SH,600613,永生投资,021－53750009
SH,600614,鼎立股份,021-35071889转588、698
SH,600615,丰华股份,021-50903399
SH,600616,金枫酒业,021-58352625
SH,600617,*ST联华,021-61103869
SH,600618,氯碱化工,021-64340000
SH,600619,海立股份,021-58547777
SH,600620,天宸股份,021-62782233
SH,600621,上海金陵,021-63222658
SH,600622,嘉宝集团,021-59161888
SH,600623,双钱股份,021-33024666
SH,600624,复旦复华,021-65103021
SH,600626,申达股份,021-62319898
SH,600628,新世界,021-63588888
SH,600629,棱光实业,021-62195070
SH,600630,龙头股份,021-34061116
SH,600631,百联股份,021-63223344
SH,600635,大众公用,021-64288888
SH,600636,三爱富,021-64823549
SH,600637,广电信息,021-64189198
SH,600638,新黄浦,021-63238888
SH,600639,浦东金桥,021-50307761和50307770
SH,600640,中卫国脉,021-62763321
SH,600641,万业企业,021-50366699
SH,600642,申能股份,021-33570888
SH,600643,爱建股份,021-64396600
SH,600644,乐山电力,0833-2445800
SH,600645,ST中源,022-23318350--8007
SH,600647,同达创业,021-58545898
SH,600648,外高桥,021-58668860
SH,600649,城投控股,021-58772830*166、021-5
SH,600650,锦江投资,021-63218800
SH,600651,飞乐音响,021-59900651
SH,600652,爱使股份,021-64710022
SH,600653,申华控股,021-63372010
SH,600654,飞乐股份,021-62512629
SH,600655,豫园商城,021-63559999
SH,600656,ST方源,0756-2660313-818
SH,600657,信达地产,010-62757125
SH,600658,电子城,010-64313278
SH,600660,福耀玻璃,0591-85383777
SH,600661,新南洋,021-6281634762818544
SH,600662,强生控股,021-62151181
SH,600663,陆家嘴,021-33848788
SH,600664,哈药股份,0451-4604688
SH,600665,天地源,029-88325961
SH,600666,西南药业,023-65313118
SH,600667,太极实业,0510-85419120
SH,600668,尖峰集团,0579-82320582
SH,600671,*ST天目,0571-63722229
SH,600673,东阳光铝,0769-5370225
SH,600674,川投能源,028-86098648
SH,600675,中华企业,021-62170088
SH,600676,交运股份,021-62116002，62116137
SH,600677,航天通信,0571-7075755
SH,600678,*ST金顶,"0833-5578301,5578055"
SH,600679,金山开发,021-31351500
SH,600680,上海普天,"021-64834310,6436090"
SH,600682,南京新百,025-4721829
SH,600683,京投银泰,010-65636620/65636622
SH,600684,珠江实业,020-83752406-808或8
SH,600685,广船国际,020-81891712
SH,600686,金龙汽车,0592-2969815
SH,600687,刚泰控股,021-68865396
SH,600688,S上石化,021-57943143
SH,600689,上海三毛,021-63028180-各部
SH,600690,青岛海尔,0532-5751323
SH,600691,*ST东碳,0813-2606903
SH,600692,亚通股份,021-69612714
SH,600693,东百集团,0591-7531724
SH,600694,大商股份,0411-3643215
SH,600695,大江股份,021-34225027
SH,600696,多伦股份,021-56715833
SH,600697,欧亚集团,0431-85620053
SH,600698,*ST轻骑,0531-6414419
SH,600699,*ST得亨,0437-5095910、0574-8790
SH,600701,工大高新,0451-86269018
SH,600702,沱牌曲酒,0825-6766322
SH,600703,三安光电,0716-8328443
SH,600704,物产中大,0571-85777029
SH,600706,ST长信,029-88858955
SH,600707,彩虹股份,029-88214865
SH,600708,海博股份,021-61132800
SH,600710,常林股份,0519-6751888
SH,600711,雄震矿业,0592-5891697
SH,600712,南宁百货,0771-2610906
SH,600713,南京医药,025-84522391
SH,600714,金瑞矿业,0971-5509464
SH,600715,*ST松辽,024-31489863
SH,600716,凤凰股份,025-83566267
SH,600717,天津港,022-25706615
SH,600718,东软集团,024-83662115
SH,600719,大连热电,0411-4422999-8299
SH,600720,祁连山,0931-4900698
SH,600721,百花村,0991-2356620
SH,600722,ST金化,0317-3042688
SH,600723,西单商场,010-66024984
SH,600724,宁波富达,0574-2814275
SH,600725,云维股份,0874-3068588
SH,600726,华电能源,0451-82525778
SH,600728,ST新太,0411-7125455
SH,600729,重庆百货,023-63843197
SH,600730,中国高科,021-55295555
SH,600731,湖南海利,0731-85357830
SH,600732,上海新梅,021-51002662
SH,600733,S前锋,028-86316723、86316733-
SH,600734,实达集团,0591-3708128
SH,600735,新华锦,0532-85877680
SH,600736,苏州高新,0512-68072570
SH,600737,中粮屯河,"0991-5571888-6201,6202"
SH,600738,兰州民百,0931-8473891
SH,600739,辽宁成大,0411-82512731
SH,600740,山西焦化,0357-6626012
SH,600741,华域汽车,021-63848484
SH,600742,一汽富维,0431-85765685、85765755
SH,600743,华远地产,"010-68036688转526,588"
SH,600744,华银电力,0731-5388088
SH,600745,中茵股份,0714-6350569
SH,600746,江苏索普,0511-83366244
SH,600747,大连控股,0411-66888775
SH,600748,上实发展,021-53858859
SH,600749,西藏旅游,0891-6339150
SH,600750,江中药业,0791-8169323
SH,600751,SST天海,022-58679088
SH,600753,东方银星,0370-2790635
SH,600754,锦江股份,021-63217132
SH,600755,厦门国贸,0592-5161888
SH,600756,浪潮软件,0531-85105606
SH,600757,*ST源发,021-58792716
SH,600758,红阳能源,024-86131586
SH,600759,正和股份,"0898－66590595,0898－667"
SH,600760,中航黑豹,0631-8352083
SH,600761,安徽合力,0551-3648005
SH,600763,通策医疗,0571-28808278
SH,600764,中电广通,010-88578860
SH,600765,中航重机,010-65688082
SH,600766,ST园城,0535-6636299
SH,600767,运盛实业,021-50720222
SH,600768,宁波富邦,"0574-87300929,87410511"
SH,600769,ST祥龙,027-87600367
SH,600770,综艺股份,"0513-6639999,6639987"
SH,600771,ST东盛,029-8332288
SH,600773,西藏城投,0891-6833922
SH,600774,汉商集团,027-84843197
SH,600775,南京熊猫,025-4801144
SH,600776,东方通信,0571-86676198
SH,600777,新潮实业,0535-4259777
SH,600778,友好集团,0991-4541008
SH,600779,水井坊,028-6252847
SH,600780,通宝能源,0351-7021857
SH,600781,上海辅仁,021-51573860
SH,600782,新钢股份,0790-6290782
SH,600783,鲁信创投,"0533－2977312,86566764"
SH,600784,鲁银投资,0531-2024156
SH,600785,新华百货,0951-6022866
SH,600787,中储股份,010-83673292
SH,600789,鲁抗医药,0537-2983097
SH,600790,轻纺城,0575-84116158
SH,600791,京能置业,010-62690929
SH,600792,*ST马龙,0871-3018278
SH,600793,ST宜纸,0831-3560888
SH,600794,保税科技,0512-58320358
SH,600795,国电电力,010-58682200
SH,600796,钱江生化,0573-7042800
SH,600797,浙大网新,0571-87950500
SH,600798,宁波海运,0574-87386674
SH,600800,ST磁卡,022－58585858转2191
SH,600801,华新水泥,027-87773898
SH,600802,福建水泥,0591-87831554
SH,600803,威远生化,0311-5915898
SH,600804,鹏博士,"028-86755190,86742976"
SH,600805,悦达投资,0515-88202863，88202867
SH,600806,昆明机床,0871-5212410
SH,600807,天业股份,0531-82685365
SH,600808,马钢股份,"86-0555-2888158,287525"
SH,600809,山西汾酒,0358-7220255
SH,600810,神马股份,0375-3921231
SH,600811,东方集团,0451-3666028
SH,600812,华北制药,0311-85993999
SH,600814,杭州解百,0571-87016888
SH,600815,厦工股份,0592-6389333
SH,600816,安信信托,021-63410710
SH,600818,中路股份,"021-65131177,6513117"
SH,600819,耀皮玻璃,0086-021-61633599
SH,600820,隧道股份,021-65869999
SH,600821,津劝业,022-27304989
SH,600822,上海物贸,021-63231818
SH,600823,世茂股份,021-20203388
SH,600824,益民集团,021-64339888-接各部门
SH,600825,新华传媒,021-61371336
SH,600826,兰生股份,13916126899
SH,600827,友谊股份,021-58799358
SH,600828,成商集团,028-6665088
SH,600829,三精制药,0451-84675166
SH,600830,香溢融通,0574-7299688-2045
SH,600831,广电网络,029－87991258
SH,600832,东方明珠,021-58791888
SH,600833,第一医药,021-64337282
SH,600834,申通地铁,021-63189188
SH,600835,上海机电,021-58857888
SH,600836,界龙实业,021-63746888
SH,600837,海通证券,021-23219000
SH,600838,上海九百,021-62729898
SH,600839,四川长虹,0816-2418486
SH,600841,上柴股份,021-60652288
SH,600843,上工申贝,021-68407515
SH,600844,丹化科技,021-64016422
SH,600845,宝信软件,021-50801155-1353
SH,600846,同济科技,021-65985860
SH,600847,ST渝万里,023-47268815
SH,600848,自仪股份,021-54279898-134
SH,600850,华东电脑,021―23060388
SH,600851,海欣股份,021-63917000
SH,600853,龙建股份,"0451-82281860,82281430"
SH,600854,ST春兰,0523-86663663、86217958
SH,600855,航天长峰,"010-88219815,88525777"
SH,600856,长百集团,0431-88965414
SH,600857,工大首创,0574-87367060
SH,600858,银座股份,"0531-6988888,83175518"
SH,600859,王府井,010-65125960
SH,600860,ST北人,010-67886677
SH,600861,北京城乡,010-68296595
SH,600862,南通科技,0513-85516141
SH,600863,内蒙华电,0471-6222388
SH,600864,哈投股份,0451-82333238
SH,600865,百大集团,0571-85109129
SH,600866,星湖科技,0758-2291184
SH,600867,通化东宝,0435-5088025
SH,600868,ST梅雁,0753-2218286
SH,600869,三普药业,0510-87249788
SH,600870,ST厦华,0592-3157203
SH,600871,S仪化,0514-83232235
SH,600872,中炬高新,0760-85596818-2033
SH,600873,梅花集团,028-86600798
SH,600874,创业环保,86-22-23930000
SH,600875,东方电气,0838-2409358
SH,600876,洛阳玻璃,0379-3908588
SH,600877,中国嘉陵,023-65194095
SH,600879,航天电子,027-84792199
SH,600880,博瑞传播,028-87651183
SH,600881,亚泰集团,0431-84956688
SH,600882,大成股份,0533-2111999-6358
SH,600883,博闻科技,0875-2218496
SH,600884,杉杉股份,"0574-87716294,87716"
SH,600885,*ST力阳,027－83310135
SH,600886,国投电力,010-88006378
SH,600887,伊利股份,0471-3602351
SH,600888,新疆众和,0991-6689800
SH,600889,南京化纤,025-85561011-3685
SH,600890,ST中房,010-82610018
SH,600891,ST秋林,0451-53644632
SH,600892,*ST宝诚,0311-85914663
SH,600893,航空动力,0431-85883022
SH,600894,广钢股份,020-81809182
SH,600895,张江高科,021-50803686
SH,600896,中海海盛,"0898-68583985,68583777"
SH,600897,厦门空港,0592-6022936-6005
SH,600900,长江电力,010-58688900
SH,600960,渤海活塞,0543-3215338
SH,600961,株冶集团,0731-28392172
SH,600962,国投中鲁,010-88009021
SH,600963,岳阳林纸,"0730-8590330,8590683"
SH,600965,福成五丰,010-61595607
SH,600966,博汇纸业,0533-8539966
SH,600967,北方创业,"0472-3117903,3116791"
SH,600969,郴电国际,0735-2339232
SH,600970,中材国际,025-86835815
SH,600971,恒源煤电,0557-3986224
SH,600973,宝胜股份,0514-88248896
SH,600975,新五丰,0731-4449588
SH,600976,武汉健民,027-84523350
SH,600978,宜华木业,0754-5100989
SH,600979,广安爱众,0826-2983059
SH,600980,北矿磁材,010-63703380
SH,600981,江苏开元,025-86648112
SH,600982,宁波热电,0574-86897102
SH,600983,合肥三洋,0551-5310502
SH,600984,*ST建机,029-82592288
SH,600985,雷鸣科化,"0561-4948135,4948188"
SH,600986,科达股份,0546-8301886
SH,600987,航民股份,0571-82557359
SH,600988,*ST宝龙,"020-82600888-8891,8899"
SH,600990,四创电子,0551-5391323
SH,600991,广汽长丰,0731-2881959
SH,600992,贵绳股份,0852-8419247
SH,600993,马应龙,027-87291519
SH,600995,文山电力,0876-2123422
SH,600997,开滦股份,0315-3026771
SH,600998,九州通,027-84451256
SH,600999,招商证券,0755-82943666
SH,601000,唐山港,0315－2916417
SH,601001,大同煤业,0352-7010476
SH,601002,晋亿实业,0573-84185042
SH,601003,柳钢股份,"0772-2595996,2595971"
SH,601005,重庆钢铁,"8623-68842582,68845030"
SH,601006,大秦铁路,0351-2620620
SH,601007,金陵饭店,025-84711888
SH,601008,连云港,0518-82387588、82389262
SH,601009,南京银行,025－84551009
SH,601010,文峰股份,0513-85505666-8968
SH,601011,宝泰隆,0464-2924686-8097
SH,601018,宁波港,0574－27698636
SH,601088,中国神华,8610-5813-1088；5813-33
SH,601098,中南传媒,0731-84302628
SH,601099,太平洋,0871-8885858
SH,601101,昊华能源,010-69839412
SH,601106,中国一重,0452-6810123
SH,601107,四川成渝,"028-85527510,85527526"
SH,601111,中国国航,010-64580753
SH,601113,华鼎锦纶,0579-85261475
SH,601116,三江购物,0574-83886810
SH,601117,中国化学,010-59765555
SH,601118,海南橡胶,0898-31669317
SH,601126,四方股份,010-62961515
SH,601137,博威合金,0574-83004712
SH,601139,深圳燃气,0755-83601139
SH,601158,重庆水务,023-63860827
SH,601166,兴业银行,0591-87839338
SH,601168,西部矿业,0971-6108188
SH,601169,北京银行,010-66426500
SH,601177,杭齿前进,0571-82673888
SH,601179,中国西电,029-88832083
SH,601186,中国铁建,010-52688600
SH,601188,龙江交通,"0451-51688007,0451-516"
SH,601199,江南水务,0510-86276771
SH,601208,东材科技,0816-2289750
SH,601216,内蒙君正,0473-6989106
SH,601218,吉鑫科技,0510-86157378
SH,601233,桐昆股份,0573-88187878
SH,601258,庞大集团,0315-7181576
SH,601268,二重重装,0838-2343088
SH,601288,农业银行,010-85109619
SH,601299,中国北车,010-51897290
SH,601311,骆驼股份,0710-7617518
SH,601318,中国平安,400-8866338
SH,601328,交通银行,021-58766688
SH,601333,广深铁路,0755-25587920
SH,601369,陕鼓动力,029-81871035
SH,601377,兴业证券,0591-38281888
SH,601390,中国中铁,010-51878413
SH,601398,工商银行,010-66108608 
SH,601518,吉林高速,0431-84622188
SH,601519,大智慧,021-20219261
SH,601558,华锐风电,010-62515566
SH,601566,九牧王,0592-2955789
SH,601588,北辰实业,010-64991057
SH,601599,鹿港科技,0512-58353258
SH,601600,中国铝业,010-82298103
SH,601601,中国太保,021-58776688
SH,601607,上海医药,021-63730908
SH,601616,广电电气,021-67101666
SH,601618,中国中冶,010-59868666
SH,601628,中国人寿,010-63633333
SH,601666,平煤股份,0375-2749515
SH,601668,中国建筑,010-88082888
SH,601678,滨化股份,0543-2118572
SH,601688,华泰证券,025-8445777
SH,601699,潞安环能,0355-5923838
SH,601700,风范股份,0512-52122997
SH,601717,郑煤机,0371-67891507
SH,601718,际华集团,010-63706008
SH,601727,上海电气,021-52082266
SH,601766,中国南车,010-51862188
SH,601777,力帆股份,023-61663050
SH,601788,光大证券,021-22169999
SH,601799,星宇股份,0519-85156063
SH,601801,皖新传媒,0551-2661323
SH,601808,中海油服,010-84521685
SH,601818,光大银行,010-63636363
SH,601857,中国石油,86-10-59986223
SH,601866,中海集运,8621-65966105
SH,601872,招商轮船,021-63234803
SH,601877,正泰电器,0577-62877777
SH,601880,大连港,0411-82798566
SH,601888,中国国旅,010-84478866
SH,601890,亚星锚链,0523-84686986
SH,601898,中煤能源,010-82256484
SH,601899,紫金矿业,0592-2933662、0592-2933
SH,601918,国投新集,0551-2231918
SH,601919,中国远洋,022-66270898
SH,601933,永辉超市,86-591-83762200
SH,601939,建设银行,"010-66215533,010-67594"
SH,601958,金钼股份,029-88320019
SH,601988,中国银行,010-66594568
SH,601989,中国重工,010-88475267
SH,601991,大唐发电,010-88008800
SH,601992,金隅股份,010-59575877
SH,601998,中信银行,010-65558000
SH,601999,出版传媒,024-23284236
SZ,000001,深发展Ａ,0755-22168392
SZ,000002,万科Ａ,0755-25606666
SZ,000004,国农科技,0755-83521596
SZ,000005,世纪星源,0755-82208888
SZ,000006,深振业Ａ,0755-25863061
SZ,000007,ST零七,0755-83280053
SZ,000008,ST宝利来,0755-26433212
SZ,000009,中国宝安,0755-25170336
SZ,000010,SST华新,0755-83276308
SZ,000011,深物业A,0755-82211020
SZ,000012,南玻Ａ,0755-26860684
SZ,000014,沙河股份,0755-86091298
SZ,000016,深康佳Ａ,0755-26608866
SZ,000017,*ST中华A,0755-25516998
SZ,000018,ST中冠A,"83668254,83667895"
SZ,000019,深深宝Ａ,0755-82027522
SZ,000020,深华发Ａ,0755-83352207
SZ,000021,长城开发,
SZ,000022,深赤湾Ａ,0755-26817355
SZ,000023,深天地Ａ,0755-86154212
SZ,000024,招商地产,0755-26819600
SZ,000025,特力Ａ,0755-83989333
SZ,000026,飞亚达Ａ,0755-86013669
SZ,000027,深圳能源,0755-83684138
SZ,000028,一致药业,0755-25875140
SZ,000029,深深房Ａ,0755-82293000-4715
SZ,000030,*ST盛润A,0755-83361666
SZ,000031,中粮地产,"86-755-23999000,86-755"
SZ,000032,深桑达Ａ,0755-83200636
SZ,000033,新都酒店,0755-82320888-382
SZ,000034,深信泰丰,0755-27596453
SZ,000035,*ST科健,0755-26692595
SZ,000036,华联控股,0755-83667257
SZ,000037,深南电Ａ,0755-26948888
SZ,000039,中集集团,86-755-26691130
SZ,000040,宝安地产,0755-82367726
SZ,000042,深长城,0755-88393698 、8839366
SZ,000043,中航地产,0755-83990168
SZ,000045,深纺织Ａ,0755-83776043
SZ,000046,泛海建设,010-85259683
SZ,000048,ST康达尔,0755-25540055
SZ,000049,德赛电池,0755-86299888
SZ,000050,深天马Ａ,0755-86225886
SZ,000055,方大集团,0755-26788571-6622
SZ,000056,深国商,0755-82281888
SZ,000058,深赛格,0755-83747939
SZ,000059,辽通化工,0427-5850333
SZ,000060,中金岭南,0755-83474800
SZ,000061,农产品,0755-82589021
SZ,000062,深圳华强,0755-83216296
SZ,000063,中兴通讯,0755-26770282
SZ,000065,北方国际,010-83916913
SZ,000066,长城电脑,0755-26634759
SZ,000068,ST三星,0755-83311988-1810
SZ,000069,华侨城Ａ,0755-26909069
SZ,000070,特发信息,0755-26506648
SZ,000078,海王生物,0755-26968666
SZ,000088,盐田港,0755-25290180
SZ,000089,深圳机场,0755-27776331
SZ,000090,深天健,0755-83928130
SZ,000096,广聚能源,0755-86000096
SZ,000099,中信海直,0755-26723692
SZ,000100,TCL集团,"0752-2288389,2382517"
SZ,000150,宜华地产,0754－5899788
SZ,000151,中成股份,010-83676100
SZ,000153,丰原药业,0551-4846153
SZ,000155,川化股份,028-3308291
SZ,000157,中联重科,0731-88923908
SZ,000158,常山股份,0311-6673856
SZ,000159,国际实业,0991-2885951
SZ,000301,东方市场,0512-63558328
SZ,000338,潍柴动力,0536-2297777
SZ,000400,许继电气,0374-3212988
SZ,000401,冀东水泥,0315-3082347
SZ,000402,金融街,010-66573088
SZ,000404,华意压缩,0798-8470237
SZ,000407,胜利股份,0531-86920495
SZ,000408,ST金谷源,0310-5210408
SZ,000409,*ST泰复,0755-83023002
SZ,000410,沈阳机床,024-25190865
SZ,000411,英特集团,0571-85068752
SZ,000413,宝石Ａ,"0311-86917776,86917771"
SZ,000415,ST汇通,0991-5836644
SZ,000416,民生投资,0532-80770826
SZ,000417,合肥百货,0551-2647133
SZ,000418,小天鹅Ａ,0510-83704003
SZ,000419,通程控股,0731-85534994
SZ,000420,吉林化纤,0432-3502331
SZ,000421,南京中北,025-86383611
SZ,000422,湖北宜化,0717-6444588
SZ,000423,东阿阿胶,0635-3264069
SZ,000425,徐工机械,0516-87938766
SZ,000426,富龙热电,0476-2216683
SZ,000428,华天酒店,0731－84442888－80928
SZ,000429,粤高速Ａ,"020-83731365,020-83731"
SZ,000430,ST张家界,0731-8431165
SZ,000488,晨鸣纸业,0536-5280011
SZ,000501,鄂武商Ａ,027-85714295
SZ,000502,绿景地产,020-22082999、22082969
SZ,000503,海虹控股,0898-68510496
SZ,000504,ST传媒,"010-68710712,13,14"
SZ,000505,ST珠江,0898-68583723
SZ,000506,中润投资,0531-81665777
SZ,000507,珠海港,0756-3292216
SZ,000509,S*ST华塑,028-85365657
SZ,000510,金路集团,0838-2207936
SZ,000511,银基发展,024-31030563
SZ,000513,丽珠集团,0756-8135993
SZ,000514,渝开发,023-63858883
SZ,000516,开元投资,029-7217854
SZ,000517,荣安地产,0574-87312566
SZ,000518,四环生物,0510-86408558
SZ,000519,江南红箭,028-84333641-242
SZ,000520,长航凤凰,027-86516722
SZ,000521,美菱电器,0551-2869394
SZ,000522,白云山Ａ,020-87062599
SZ,000523,广州浪奇,020-82161128
SZ,000524,东方宾馆,020-86669900
SZ,000525,红太阳,025-84785833
SZ,000526,旭飞投资,0592-5744065、0755-8249
SZ,000527,美的电器,0757-26338779
SZ,000528,柳工,0772-3886509，3886510
SZ,000529,广弘控股,0750-8888888
SZ,000530,大冷股份,0411-86538130
SZ,000531,穗恒运Ａ,020-82099511
SZ,000532,力合股份,"0756-3612810,3612800"
SZ,000533,万家乐,0757-22321222
SZ,000534,万泽股份,0754-8857382
SZ,000536,华映科技,0591-88022590
SZ,000537,广宇发展,022-27500420
SZ,000538,云南白药,0871-8350538
SZ,000539,粤电力Ａ,020-87577381
SZ,000540,中天城投,0851-5860976
SZ,000541,佛山照明,0757-82966062/82810239
SZ,000543,皖能电力,0551－2225811
SZ,000544,中原环保,0371-67692056、67692061
SZ,000545,*ST吉药,0432-63398722
SZ,000546,光华控股,0431-88523476
SZ,000547,闽福发Ａ,0591-83283128
SZ,000548,湖南投资,0731-2327666
SZ,000550,江铃汽车,0791-5232888-6178
SZ,000551,创元科技,0512-68248798
SZ,000552,靖远煤电,0931-8512882
SZ,000553,沙隆达Ａ,0716-8114595
SZ,000554,泰山石油,0538-6269600
SZ,000555,ST太光,0755-82910290
SZ,000557,*ST广夏,0951-3876099 3876098
SZ,000558,莱茵置业,"024-89121255,89107779"
SZ,000559,万向钱潮,0571-82832999
SZ,000560,昆百大Ａ,0871-3625804
SZ,000561,烽火电子,0917-3626561
SZ,000562,宏源证券,0991-2301870
SZ,000563,陕国投Ａ,029-81870262
SZ,000564,西安民生,029-87481961
SZ,000565,渝三峡Ａ,023-68823076
SZ,000566,海南海药,0898-68653568
SZ,000567,海德股份,0898-66978322、021-6309
SZ,000568,泸州老窖,0830-2398826
SZ,000570,苏常柴Ａ,0519-6600448
SZ,000571,新大洲Ａ,021-61050111
SZ,000572,海马汽车,0898-66822672
SZ,000573,粤宏远Ａ,0769-22412655
SZ,000576,ST甘化,0750-3277650
SZ,000581,威孚高科,0510-2719579
SZ,000582,北海港,0779-3922254
SZ,000584,友利控股,028-86757539
SZ,000585,东北电气,(86)24-23501976 (86)24
SZ,000586,ST汇源,028-85516608
SZ,000587,S*ST光明,0458-3610587
SZ,000589,黔轮胎Ａ,0851-4763651
SZ,000590,紫光古汉,0734-8239335
SZ,000591,桐君阁,023-89885201
SZ,000592,中福实业,0591－87871990
SZ,000593,大通燃气,028-86638386
SZ,000594,国恒铁路,022-58396826
SZ,000595,*ST西轴,0951-2029011
SZ,000596,古井贡酒,0558-5710057
SZ,000597,东北制药,024-25806963
SZ,000598,兴蓉投资,028－85913967
SZ,000599,青岛双星,0532-2657986
SZ,000600,建投能源,0311-85518633
SZ,000601,韶能股份,0751-8153162
SZ,000602,*ST金马,0768-2268969
SZ,000603,*ST威达,023-63639600
SZ,000605,ST四环,010-68001660
SZ,000606,青海明胶,0971-8013495
SZ,000607,*ST华控,023-68269911、023-68269
SZ,000608,阳光股份,010-66530628
SZ,000609,绵世股份,"010-83682600,83681585"
SZ,000610,西安旅游,029-2065555
SZ,000611,时代科技,0471-6968822
SZ,000612,焦作万方,0391-3261118
SZ,000613,ST东海Ａ,0899-8213888
SZ,000615,湖北金环,0710-2108234
SZ,000616,亿城股份,0411-3633671-381
SZ,000617,石油济柴,0531-2965971
SZ,000619,海螺型材,0553-5840158
SZ,000623,吉林敖东,0433-6238973
SZ,000625,长安汽车,023-67594009
SZ,000626,如意集团,0518-5153595
SZ,000627,天茂集团,0724-2223218
SZ,000628,高新发展,028-85130316
SZ,000629,攀钢钒钛,"0812-3393695,3392889"
SZ,000630,铜陵有色,0562-2825077、2825029
SZ,000631,顺发恒业,0431-85180631
SZ,000632,三木集团,0591-83341509
SZ,000633,ST合金,024-31309638
SZ,000635,英力特,0952-3312333
SZ,000636,风华高科,0758-2844724
SZ,000637,茂化实华,0668-2276176
SZ,000638,万方地产,024-23271655
SZ,000639,西王食品,"0731-22994401,22998766"
SZ,000650,仁和药业,0792-2199105
SZ,000651,格力电器,"0756-8614883-2416,0756"
SZ,000652,泰达股份,022-23201272
SZ,000655,金岭矿业,0533-2064346
SZ,000656,ST东源,023-67033765
SZ,000659,珠海中富,0756-8931096 8931098
SZ,000661,长春高新,0431-5666367
SZ,000662,索芙特,0774-3863686
SZ,000663,永安林业,0598-3614875
SZ,000665,武汉塑料,027-59405200
SZ,000666,经纬纺机,010-84534078
SZ,000667,名流置业,0871-3610134
SZ,000668,荣丰控股,021-51078987
SZ,000669,领先科技,0432-4569477
SZ,000671,阳光城,0591-83353145、88089227
SZ,000673,ST当代,0352-5332400
SZ,000676,*ST思达,0371-65793081、65793200
SZ,000677,山东海龙,0536-2275007
SZ,000678,襄阳轴承,0710-3577209
SZ,000679,大连友谊,0411-2802712
SZ,000680,山推股份,0537-2909616
SZ,000682,东方电子,0535-5520066
SZ,000683,远兴能源,0477-8139873、8139874
SZ,000685,中山公用,0760-88380018
SZ,000686,东北证券,"0431-85096806,85096668"
SZ,000687,保定天鹅,0312-3137941-2261
SZ,000690,宝新能源,0753-2511298
SZ,000691,*ST亚太,0898-68528293
SZ,000692,惠天热电,024―22939691
SZ,000695,滨海能源,022-66202230
SZ,000697,*ST偏转,029-33628567
SZ,000698,沈阳化工,024-25553506
SZ,000700,模塑科技,0510-86222318
SZ,000701,厦门信达,0592-5608098 
SZ,000702,正虹科技,0731-84599909
SZ,000703,恒逸石化,0571-83871991
SZ,000705,浙江震元,0575-85144161
SZ,000707,双环科技,0712-3591199
SZ,000708,大冶特钢,0714-6293836
SZ,000709,河北钢铁,0311-66770709
SZ,000710,天兴仪表,028-84613721
SZ,000711,天伦置业,0451-82335442
SZ,000712,锦龙股份,0763-3369393
SZ,000713,丰乐种业,"0551-2239888,2239955"
SZ,000715,中兴商业,024-23838888-3715
SZ,000716,*ST南方,0771-5308090
SZ,000717,韶钢松山,0751-8787265
SZ,000718,苏宁环球,025-83247946
SZ,000720,ST能山,0538-8232022
SZ,000721,西安饮食,029-82065865
SZ,000723,美锦能源,0351-4236095
SZ,000725,京东方Ａ,010－64318888
SZ,000726,鲁泰Ａ,"0533-5285166,5418361"
SZ,000727,华东科技,025-68192836、68192835、
SZ,000728,国元证券,0551-2207114
SZ,000729,燕京啤酒,010-89490729
SZ,000731,四川美丰,0838-2304235
SZ,000732,福建三农,0591-87800884
SZ,000733,振华科技,0851-6302675
SZ,000735,罗牛山,0898－68581213、68585243
SZ,000736,重庆实业,023-67530016
SZ,000737,*ST南风,0359-8967035
SZ,000738,中航动控,0733-8559515，0510-8570
SZ,000739,普洛股份,0532-2829999
SZ,000748,长城信息,0731-84932861
SZ,000750,SST集琦,"0773－5878066,5876610"
SZ,000751,锌业股份,0429-2024121
SZ,000752,西藏发展,0891-6389377
SZ,000753,漳州发展,0596-2671753
SZ,000755,山西三维,"0357-6663423,6662666"
SZ,000756,新华制药,0533-2166666
SZ,000758,中色股份,010-63951531
SZ,000759,中百集团,027-82849183
SZ,000760,*ST博盈,"010-84535388转808,809"
SZ,000761,本钢板材,0414-78273447828360
SZ,000762,西藏矿业,0891-6872095、028-85355
SZ,000766,通化金马,0435-3910232
SZ,000767,漳泽电力,0351―4268602
SZ,000768,西飞国际,029-6846638
SZ,000776,广发证券,020-87555888
SZ,000777,中核科技,0512-67533655
SZ,000778,新兴铸管,0310-5792011
SZ,000779,三毛派神,0931-7551627
SZ,000780,平庄能源,"0476-3324281,3326075"
SZ,000782,美达股份,0750-6107981
SZ,000783,长江证券,027-65799866
SZ,000785,武汉中商,027-87362507
SZ,000786,北新建材,010-82945588
SZ,000788,西南合成,023-67525366
SZ,000789,江西水泥,0791-8161011
SZ,000790,华神集团,"028-66616686,66616656"
SZ,000791,西北化工,0931-8497111-361
SZ,000792,盐湖股份,0979-8448123
SZ,000793,华闻传媒,0898-66254650
SZ,000795,太原刚玉,0351-4935313
SZ,000796,易食股份,010-59156337
SZ,000797,中国武夷,0591-83170122
SZ,000798,中水渔业,010-88067461
SZ,000799,酒鬼酒,0743-8312079
SZ,000800,一汽轿车,"0431-85781108,0431-857"
SZ,000801,四川九洲,0816-2312421
SZ,000802,北京旅游,010-60805555
SZ,000803,金宇车城,"0817-6170888,2198989"
SZ,000806,银河科技,0779-3202636
SZ,000807,云铝股份,"0871-7455268,7455858"
SZ,000809,中汇医药,028-84333212
SZ,000810,华润锦华,0825-2287329
SZ,000811,烟台冰轮,0535-6697075
SZ,000812,陕西金叶,（029）81778556 81778569
SZ,000813,天山纺织,0991-4310456
SZ,000815,美利纸业,0955-7679334
SZ,000816,江淮动力,0515-8881908
SZ,000818,*ST化工,0429-2901152
SZ,000819,岳阳兴长,0730-8844890/8452599
SZ,000821,京山轻机,0724-7210972
SZ,000822,山东海化,0536-53293795329931
SZ,000823,超声电子,0754-83932281
SZ,000825,太钢不锈,"0351-3017728,3017729"
SZ,000826,桑德环境,0717-6442936
SZ,000828,东莞控股,0769-22083321
SZ,000829,天音控股,0755-82091120
SZ,000830,鲁西化工,0635-3481198
SZ,000833,贵糖股份,0775-4262888
SZ,000835,四川圣达,028-85322169
SZ,000836,鑫茂科技,"022-83710888,022-23080"
SZ,000837,秦川发展,0917-3670606
SZ,000838,国兴地产,010-59282503
SZ,000839,中信国安,010-65068509
SZ,000848,承德露露,0314-2061585
SZ,000850,华茂股份,"0556-5919891,5919892"
SZ,000851,高鸿股份,010-62303100
SZ,000852,江钻股份,027-87925236
SZ,000856,ST唐陶,0315-3291354
SZ,000858,五粮液,0831-3553988-6858
SZ,000859,国风塑业,0551-5336123
SZ,000860,顺鑫农业,010-69420860
SZ,000861,海印股份,020-83799848
SZ,000862,银星能源,0951-2051879，2051906
SZ,000868,安凯客车,"0551-2297712,4844826"
SZ,000869,张裕Ａ,0535-6633658
SZ,000875,吉电股份,0431-81150932、81150933
SZ,000876,新希望,028-82000876
SZ,000877,天山股份,0991-3660950
SZ,000878,云南铜业,0871-3106739
SZ,000880,潍柴重机,0536-8185696
SZ,000881,大连国际,0411-83780066
SZ,000882,华联股份,010-88337937
SZ,000883,湖北能源,027-86621100
SZ,000885,同力水泥,0371-69158113
SZ,000886,海南高速,0898-66701555
SZ,000887,中鼎股份,0563-4181887
SZ,000888,峨眉山Ａ,0833-5544568
SZ,000889,渤海物流,0335-3023349
SZ,000890,法尔胜,0510-86119890
SZ,000892,*ST星美,023-63782555-8866
SZ,000893,东凌粮油,"020-85506292,85506280转"
SZ,000895,双汇发展,0395-2676158 
SZ,000897,津滨发展,022-66223273
SZ,000898,鞍钢股份,0412-6334292
SZ,000899,赣能股份,0791-8109899
SZ,000900,现代投资,"0731-85558888-6719,073"
SZ,000901,航天科技,010-83636166
SZ,000902,中国服装,010-65817498
SZ,000903,云内动力,0871-5625802
SZ,000905,厦门港务,"0592-5829955,5829989"
SZ,000906,南方建材,"0731-84588390,84588392"
SZ,000908,ST天一,0731-88913276
SZ,000909,数源科技,0571-88271018
SZ,000910,大亚科技,0511-86981046
SZ,000911,南宁糖业,0771-4914317
SZ,000912,泸天化,0830-4125370\0830-4122
SZ,000913,钱江摩托,0576-86192111
SZ,000915,山大华特,0531-5198006
SZ,000916,华北高速,010-58021166
SZ,000917,电广传媒,0731-84252333
SZ,000918,嘉凯城,0731-88336000
SZ,000919,金陵药业,025-83118511
SZ,000920,南方汇通,0851-4470866
SZ,000921,ST科龙,0757-28362570
SZ,000922,ST阿继,0451-87005508
SZ,000923,河北宣工,0313-3012255-2248
SZ,000925,众合机电,0571-87959025
SZ,000926,福星股份,0712-8740018
SZ,000927,一汽夏利,022-87915000-3074
SZ,000928,中钢吉炭,0432-62749010
SZ,000929,兰州黄河,0931-8449054
SZ,000930,中粮生化,0552-4929015
SZ,000931,中关村,010-62140168
SZ,000932,华菱钢铁,0731-82565972
SZ,000933,神火股份,0370-5114822
SZ,000935,四川双马,0816-3721498
SZ,000936,华西村,"0510-86217188,86217149"
SZ,000937,冀中能源,0319-2068232
SZ,000938,紫光股份,010-62770008
SZ,000939,凯迪电力,027-67869270
SZ,000948,南天信息,0871-3366327
SZ,000949,新乡化纤,0373-3978966
SZ,000950,建峰化工,023-72596038
SZ,000951,中国重汽,0531-5587586
SZ,000952,广济药业,0713-6216068
SZ,000953,ST河化,0778-2266867
SZ,000955,ST欣龙,0898-68581055
SZ,000957,中通客车,0635-8322161
SZ,000958,ST东热,0311-85053913
SZ,000959,首钢股份,010-88293727
SZ,000960,锡业股份,0873-3118667
SZ,000961,中南建设,0411-86676868
SZ,000962,东方钽业,0952-2012012-6016
SZ,000963,华东医药,0571-89903300
SZ,000965,天保基建,022-25762656
SZ,000966,长源电力,027-86778352
SZ,000967,上风高科,0575-2366261
SZ,000968,煤气化,0351-6019365
SZ,000969,安泰科技,010-62188403
SZ,000970,中科三环,010-68945729
SZ,000971,ST迈亚,0728-3336188
SZ,000972,新中基,0991-8852972
SZ,000973,佛塑科技,0757-83988189
SZ,000975,科学城,010-85171856
SZ,000976,春晖股份,0750-2228111
SZ,000977,浪潮信息,0531-8932888
SZ,000978,桂林旅游,0773-2863857
SZ,000979,中弘地产,010-59621199
SZ,000980,金马股份,0559-6537831
SZ,000982,中银绒业,0951-4038950-8934/8935
SZ,000983,西山煤电,0351-6217282
SZ,000985,大庆华科,0459-6291061
SZ,000987,广州友谊,020-83571948
SZ,000988,华工科技,027-87180121
SZ,000989,九芝堂,0731-4499905
SZ,000990,诚志股份,0791-6304746
SZ,000993,闽东电力,0593-2096666
SZ,000995,ST皇台,0935-6139888
SZ,000996,中国中期,010-82335682
SZ,000997,新大陆,0591-83979333
SZ,000998,隆平高科,0731-82183880
SZ,000999,华润三九,0755-83360999
SZ,001696,宗申动力,023-66372632
SZ,001896,豫能控股,0371-69515111
SZ,002001,新和成,
SZ,002002,ST琼花,0514-87270833；0514-872
SZ,002003,伟星股份,0576-85125002
SZ,002004,华邦制药,023-68695322
SZ,002005,德豪润达,0756-3390188
SZ,002006,精功科技,0575-84138692
SZ,002007,华兰生物,0373-3519901
SZ,002008,大族激光,0755-86161340
SZ,002009,天奇股份,0510-82720289
SZ,002010,传化股份,0571-82872991
SZ,002011,盾安环境,
SZ,002012,凯恩股份,0578-8128682
SZ,002013,中航精机,0710-3345433
SZ,002014,永新股份,0559-3517878
SZ,002015,霞客环保,0510-86520112
SZ,002016,世荣兆业,"0756-8681601,8682336"
SZ,002017,东信和平,0756-8682893
SZ,002018,华星化工,0565-5393908
SZ,002019,鑫富药业,"0571-63759225,63759205"
SZ,002020,京新药业,0575-86176531
SZ,002021,中捷股份,
SZ,002022,科华生物,021-64850088
SZ,002023,海特高新,028-85921029
SZ,002024,苏宁电器,025－84418888
SZ,002025,航天电器,0851-8697026
SZ,002026,山东威达,0631-8548288
SZ,002027,七喜控股,020-82253777
SZ,002028,思源电气,021-64890467
SZ,002029,七匹狼,"0595-5382777,5397777"
SZ,002030,达安基因,020-37617471
SZ,002031,巨轮股份,0663-3271838
SZ,002032,苏泊尔,0571-86858778
SZ,002033,丽江旅游,0888-5105981
SZ,002034,美欣达,0572-2619935
SZ,002035,华帝股份,0760-2262981
SZ,002036,宜科科技,0574-88251123
SZ,002037,久联发展,0851-6756941
SZ,002038,双鹭药业,010-88799370
SZ,002039,黔源电力,0851-5592199
SZ,002040,南京港,025-58815738
SZ,002041,登海种业,0535-2788875;2788889
SZ,002042,华孚色纺,0561-3011923
SZ,002043,兔宝宝,0572-8405635
SZ,002044,江苏三友,0513-83577415
SZ,002045,广州国光,020-86609988
SZ,002046,轴研科技,0379-64881139
SZ,002047,成霖股份,0755-86022812
SZ,002048,宁波华翔,021-68948127
SZ,002049,晶源电子,0315-6198161
SZ,002050,三花股份,0571-28020008
SZ,002051,中工国际,010-82688653，82688606
SZ,002052,同洲电子,0755-26525099
SZ,002053,云南盐化,0871-3112019
SZ,002054,德美化工,0757-28399088
SZ,002055,得润电子,0755-83476333
SZ,002056,横店东磁,0579-86551999
SZ,002057,中钢天源,0555-5200209
SZ,002058,威尔泰,021-64656465
SZ,002059,云南旅游,0871-5012147
SZ,002060,粤水电,020-61776666
SZ,002061,江山化工,0570-4057919
SZ,002062,宏润建设,021-64081888-1020
SZ,002063,远光软件,0756-3399888
SZ,002064,华峰氨纶,0577-65178053
SZ,002065,东华软件,010-62662188
SZ,002066,瑞泰科技,010-65715470
SZ,002067,景兴纸业,0573-85969328
SZ,002068,黑猫股份,0798-8399126
SZ,002069,獐子岛,0411-82592666
SZ,002070,众和股份,0594-5895039
SZ,002071,江苏宏宝,0512-58713681
SZ,002072,ST德棉,0534-2436663
SZ,002073,软控股份,0532-84012387
SZ,002074,东源电器,0513-86268788
SZ,002075,沙钢股份,0512-58690829
SZ,002076,雪莱特,0757-86695590
SZ,002077,大港股份,0511-88901009
SZ,002078,太阳纸业,0537-3658706
SZ,002079,苏州固锝,0512-68189999
SZ,002080,中材科技,025-85017672、88437909
SZ,002081,金螳螂,0512－68660622
SZ,002082,栋梁新材,0572-2699710
SZ,002083,孚日股份,"0536-2308043,0536-2315"
SZ,002084,海鸥卫浴,020-34808178
SZ,002085,万丰奥威,0575-86298339
SZ,002086,东方海洋,0535-6729111
SZ,002087,新野纺织,0377-66221824
SZ,002088,鲁阳股份,0533-3280969
SZ,002089,新海宜,0512-67606666
SZ,002090,金智科技,025-52762828
SZ,002091,江苏国泰,0512-58696853
SZ,002092,中泰化学,0991-8751690
SZ,002093,国脉科技,0591-87307308
SZ,002094,青岛金王,0532-85779728
SZ,002095,生意宝,0571-88228198
SZ,002096,南岭民爆,"0746-7811028,7810296"
SZ,002097,山河智能,0731-3572669
SZ,002098,浔兴股份,0595-88283788
SZ,002099,海翔药业,0576-88828065
SZ,002100,天康生物,0991-6679232
SZ,002101,广东鸿图,0758-8512963
SZ,002102,冠福家用,0595-23551999
SZ,002103,广博股份,0574-28827003
SZ,002104,恒宝股份,0511-86644409
SZ,002105,信隆实业,0755-27749423
SZ,002106,莱宝高科,0755-26983383
SZ,002107,沃华医药,0536-8553373
SZ,002108,沧州明珠,"0317-2075318,2075245"
SZ,002109,兴化股份,029-38839966
SZ,002110,三钢闽光,0598-8205158
SZ,002111,威海广泰,0631-5258618
SZ,002112,三变科技,0576－83381318
SZ,002113,*ST天润,0730-8320311-8388
SZ,002114,罗平锌电,0874-8256825
SZ,002115,三维通信,0571-88923377
SZ,002116,中国海诚,021-64314018
SZ,002117,东港股份,0531-88904590
SZ,002118,紫鑫药业,0431-88661817
SZ,002119,康强电子,0574-56807119
SZ,002120,新海股份,0574-63029678
SZ,002121,科陆电子,0755-26719656
SZ,002122,天马股份,0571－88026015
SZ,002123,荣信股份,0412-8223908
SZ,002124,天邦股份,021-37745053
SZ,002125,湘潭电化,0731-55544161
SZ,002126,银轮股份,0576-83938250
SZ,002127,新民科技,"0512-63550591,0512-635"
SZ,002128,露天煤业,0475-2358266
SZ,002129,中环股份,022-23789787
SZ,002130,沃尔核材,0755-26586765
SZ,002131,利欧股份,0576-89986666
SZ,002132,恒星科技,"0371－67635666,69588999"
SZ,002133,广宇集团,0571-87925786
SZ,002134,天津普林,022-24341967
SZ,002135,东南网架,0571-82783358
SZ,002136,安纳达,0562-3862867
SZ,002137,实益达,0755-29672878
SZ,002138,顺络电子,0755-29832586
SZ,002139,拓邦股份,0755-26957035
SZ,002140,东华科技,0551-3626000
SZ,002141,蓉胜超微,0756-7512120
SZ,002142,宁波银行,0574-87050028
SZ,002143,高金食品,0825-2651999
SZ,002144,宏达高科,0573-87551997
SZ,002145,*ST钛白,0937-6303686/6765325
SZ,002146,荣盛发展,0316-5908566、5909688
SZ,002147,方圆支承,0555-3506900
SZ,002148,北纬通信,010-88356661
SZ,002149,西部材料,029-88331530
SZ,002150,江苏通润,0512-52346618
SZ,002151,北斗星通,010-62969966
SZ,002152,广电运通,"020-38696517,020-38698"
SZ,002153,石基信息,010-68249356
SZ,002154,报喜鸟,0577－67379161
SZ,002155,辰州矿业,0745-4643501-2264
SZ,002156,通富微电,0513-85058919
SZ,002157,正邦科技,0791-6397153
SZ,002158,汉钟精机,"021-57350280-2000,021－"
SZ,002159,三特索道,027-86776315
SZ,002160,常铝股份,0512-52899988
SZ,002161,远望谷,0755-26711633
SZ,002162,斯米克,021-64110567
SZ,002163,中航三鑫,0755-26067916
SZ,002164,东力传动,0574-87587000
SZ,002165,红宝丽,025-57351388
SZ,002166,莱茵生物,0773-3568817
SZ,002167,东方锆业,0754-5510311
SZ,002168,深圳惠程,0755-89921086
SZ,002169,智光电气,020－38468499-8188
SZ,002170,芭田股份,0755－26951598
SZ,002171,精诚铜业,0553-5315978
SZ,002172,澳洋科技,0512-58598699
SZ,002173,山下湖,0575－87160891
SZ,002174,梅花伞,0595-85593001
SZ,002175,广陆数测,0773-5820465
SZ,002176,江特电机,0795-3266280
SZ,002177,御银股份,020-38468722
SZ,002178,延华智能,021-61818686
SZ,002179,中航光电,0379―64326068
SZ,002180,万力达,0756-3395968
SZ,002181,粤传媒,020-83569319
SZ,002182,云海金属,025-57234888
SZ,002183,怡亚通,0755-88393198
SZ,002184,海得控制,021－54235099
SZ,002185,华天科技,0938-8631816
SZ,002186,全聚德,010－83156608
SZ,002187,广百股份,020-83322348
SZ,002188,新嘉联,0573-4252627
SZ,002189,利达光电,0377－63865031
SZ,002190,成飞集成,028-87408828、87406521
SZ,002191,劲嘉股份,0755-26609999-1061
SZ,002192,路翔股份,"020-38289256,020-38289"
SZ,002193,山东如意,0537-2933069
SZ,002194,武汉凡谷,027-59830202
SZ,002195,海隆软件,021-64689626
SZ,002196,方正电机,0578-2171041
SZ,002197,证通电子,0755-26490118
SZ,002198,嘉应制药,0753-2321916
SZ,002199,东晶电子,0579-82272001
SZ,002200,*ST大地,0871-7279185
SZ,002201,九鼎新材,0513-87530125
SZ,002202,金风科技,0991－3767495
SZ,002203,海亮股份,0575-87069033
SZ,002204,华锐铸钢,0411-86427861
SZ,002205,国统股份,0991-6911685
SZ,002206,海利得,0573-87989889
SZ,002207,准油股份,"0991-3858446,0994-3830"
SZ,002208,合肥城建,0551－2661908
SZ,002209,达意隆,020-62956877
SZ,002210,飞马国际,0755-33356399
SZ,002211,宏达新材,0511-83359032
SZ,002212,南洋股份,0754-86332188
SZ,002213,特尔佳,0755-26513588
SZ,002214,大立科技,0571-86695649
SZ,002215,诺普信,0755-29977586
SZ,002216,三全食品,0371-63987832
SZ,002217,联合化工,0533―3261986；3251274
SZ,002218,拓日新能,0755-29680258
SZ,002219,独一味,028-85950888
SZ,002220,天宝股份,0411-82828855
SZ,002221,东华能源,025-86771100
SZ,002222,福晶科技,0591-83719323
SZ,002223,鱼跃医疗,0511-86900802
SZ,002224,三力士,0575-84365688
SZ,002225,濮耐股份,0393-3214228
SZ,002226,江南化工,0563－4803087
SZ,002227,奥特迅,0755-26520515、26012966
SZ,002228,合兴包装,0592-7896888
SZ,002229,鸿博股份,0591-88070028
SZ,002230,科大讯飞,0551－5331880
SZ,002231,奥维通信,024-83781111
SZ,002232,启明信息,0431-89603547
SZ,002233,塔牌集团,0753-7887036
SZ,002234,民和股份,0535-5637723
SZ,002235,安妮股份,0592-3152193
SZ,002236,大华股份,"0571－28939522,87688868"
SZ,002237,恒邦股份,0535-4631769
SZ,002238,天威视讯,0755-83069184
SZ,002239,金飞达,"0513-80169115,0513-801"
SZ,002240,威华股份,020-87551736、87551761
SZ,002241,歌尔声学,0536-8525688
SZ,002242,九阳股份,"0571-81639093,0571-816"
SZ,002243,通产丽星,0755-84191234
SZ,002244,滨江集团,0571-86987771
SZ,002245,澳洋顺昌,0512-58161276
SZ,002246,北化股份,028-85925728
SZ,002247,帝龙新材,0571-63818733
SZ,002248,华东数控,0631-5902248
SZ,002249,大洋电机,0760-88555306
SZ,002250,联化科技,0576-84275238
SZ,002251,步步高,0731-52322517
SZ,002252,上海莱士,021-64303411
SZ,002253,川大智胜,028-85372677
SZ,002254,烟台氨纶,0535－6394123
SZ,002255,海陆重工,0512-58913056
SZ,002256,彩虹精化,0755-33236838
SZ,002258,利尔化学,0816-2841069
SZ,002259,升达林业,"028-86788818,028-86755"
SZ,002260,伊立浦,0757-88374384
SZ,002261,拓维信息,0731－88799888
SZ,002262,恩华药业,0516-87661012
SZ,002263,大东南,0575-87386058
SZ,002264,新华都,0591-87987972
SZ,002265,西仪股份,"0871-8598357,8598200-8"
SZ,002266,浙富股份,0571-69969188
SZ,002267,陕天然气,029-86156119、86156198
SZ,002268,卫士通,028－85168102
SZ,002269,美邦服饰,021-38119999
SZ,002270,法因数控,0531-82685200
SZ,002271,东方雨虹,010-85762629
SZ,002272,川润股份,028-61777787、028-61836
SZ,002273,水晶光电,0576-88038228
SZ,002274,华昌化工,0512-58727158
SZ,002275,桂林三金,0773-5829106、5829109
SZ,002276,万马电缆,0571-63755256
SZ,002277,友阿股份,0731-82293541
SZ,002278,神开股份,021-64293895
SZ,002279,久其软件,010-58561199
SZ,002280,新世纪,0571-28996000
SZ,002281,光迅科技,027-87694060
SZ,002282,博深工具,0311-85962650
SZ,002283,天润曲轴,0631-8982313
SZ,002284,亚太股份,0571-82765229
SZ,002285,世联地产,0755-22162597
SZ,002286,保龄宝,"0534-8918658,0534-2126"
SZ,002287,奇正藏药,"0894-5826041,64972881"
SZ,002288,超华科技,0755-83432838
SZ,002289,宇顺电子,0755-86028268
SZ,002290,禾盛新材,0512-65072588
SZ,002291,星期六,0757-86256351
SZ,002292,奥飞动漫,020-38983278
SZ,002293,罗莱家纺,0513-85928751
SZ,002294,信立泰,0755-83867888
SZ,002295,精艺股份,0757-26632838
SZ,002296,辉煌科技,0371-67980218
SZ,002297,博云新材,0731-8122818
SZ,002298,鑫龙电器,0553-5772627
SZ,002299,圣农发展,0599-7951242
SZ,002300,太阳电缆,0599-8736341
SZ,002301,齐心文具,0755-83679273
SZ,002302,西部建设,0991-8853519
SZ,002303,美盈森,0755-29751877
SZ,002304,洋河股份,0527-84938088
SZ,002305,南国置业,027-83988055
SZ,002306,湘鄂情,010-88138998
SZ,002307,北新路桥,0991―3631208、0991-3631
SZ,002308,威创股份,020-22213431
SZ,002309,中利科技,0512-52571118
SZ,002310,东方园林,010-52288888
SZ,002311,海大集团,020-39388960
SZ,002312,三泰电子,028-87506876
SZ,002313,日海通讯,0755-26616666
SZ,002314,雅致股份,0755-33300778
SZ,002315,焦点科技,025-66677777
SZ,002316,键桥通讯,0755-26551650
SZ,002317,众生药业,0769-86188130
SZ,002318,久立特材,0572-7362041
SZ,002319,乐通股份,0756-3383338
SZ,002320,海峡股份,0898-68612566
SZ,002321,华英农业,0376-3119977
SZ,002322,理工监测,0574-86821166
SZ,002323,中联电气,0515-88448188
SZ,002324,普利特,"021-69210096,69210665"
SZ,002325,洪涛股份,0755-29999999-999
SZ,002326,永太科技,0576-85588006、85588960
SZ,002327,富安娜,0755-26055333
SZ,002328,新朋股份,021-59798306
SZ,002329,皇氏乳业,0771-3211086
SZ,002330,得利斯,0536-6339137
SZ,002331,皖通科技,0551-5318666
SZ,002332,仙琚制药,0576-87731138
SZ,002333,罗普斯金,0512-65768211
SZ,002334,英威腾,0755-86312975
SZ,002335,科华恒盛,0592-5160516
SZ,002336,人人乐,0755-86058141
SZ,002337,赛象科技,022-23788188
SZ,002338,奥普光电,0431-86176633
SZ,002339,积成电子,0531-88061716
SZ,002340,格林美,0755-33386666
SZ,002341,新纶科技,0755-26993098
SZ,002342,巨力索具,0312-8608899
SZ,002343,禾欣股份,0573-82228188
SZ,002344,海宁皮城,0573-87217777
SZ,002345,潮宏基,0754-88781767
SZ,002346,柘中建设,021-57403737
SZ,002347,泰尔重工,0555-2229303
SZ,002348,高乐股份,0663-2348056
SZ,002349,精华制药,0513-85609118
SZ,002350,北京科锐,010-62981321
SZ,002351,漫步者,0755-27158555
SZ,002352,鼎泰新材,0555-6615924
SZ,002353,杰瑞股份,0535-6723532
SZ,002354,科冕木业,0411-88858282
SZ,002355,兴民钢圈,0535-8881578
SZ,002356,浩宁达,0755-26755088
SZ,002357,富临运业,028-83262759
SZ,002358,森源电气,0374-6108288
SZ,002359,齐星铁塔,0543-4305986
SZ,002360,同德化工,0350-7264191
SZ,002361,神剑股份,0553-5316355
SZ,002362,汉王科技,010-82786816
SZ,002363,隆基机械,0535-8881898
SZ,002364,中恒电气,0571-86699838
SZ,002365,永安药业,0728-6204039
SZ,002366,丹甫股份,028-38926346
SZ,002367,康力电梯,0512-63293967
SZ,002368,太极股份,010-51616309
SZ,002369,卓翼科技,0755-26997888
SZ,002370,亚太药业,0575-84810101
SZ,002371,七星电子,010-64369908、010-64361
SZ,002372,伟星新材,0576-85225086
SZ,002373,联信永益,010-82327709
SZ,002374,丽鹏股份,0535-4660587
SZ,002375,亚厦股份,0571-87240808
SZ,002376,新北洋,0631-5675777
SZ,002377,国创高新,"027-87617347,87617356"
SZ,002378,章源钨业,0797-3813839
SZ,002379,鲁丰股份,0543-2161727
SZ,002380,科远股份,025-68598921
SZ,002381,双箭股份,0573-88533979
SZ,002382,蓝帆股份,0533-7480108
SZ,002383,合众思壮,010-58275000
SZ,002384,东山精密,0512-66306201
SZ,002385,大北农,010-82856450
SZ,002386,天原集团,0831-3608918
SZ,002387,黑牛食品,0754-88106868-8081
SZ,002388,新亚制程,0755-23818505
SZ,002389,南洋科技,0576-88169999
SZ,002390,信邦制药,0851-8615900
SZ,002391,长青股份,0514-6424918
SZ,002392,北京利尔,010-61712828
SZ,002393,力生制药,022-27641760
SZ,002394,联发股份,0513-88869069
SZ,002395,双象股份,0510-88993888-8701
SZ,002396,星网锐捷,0591-83057977、83057261
SZ,002397,梦洁家纺,0731―2848012
SZ,002398,建研集团,0592-2273752
SZ,002399,海普瑞,0755-26980311
SZ,002400,省广股份,020-87617378
SZ,002401,交技发展,021-58211308
SZ,002402,和而泰,0755-26727188
SZ,002403,爱仕达,0576－86199005
SZ,002404,嘉欣丝绸,0573-82078789
SZ,002405,四维图新,86-10-82306399
SZ,002406,远东传动,0374-5650017
SZ,002407,多氟多,0391-2956992
SZ,002408,齐翔腾达,0533-7544231
SZ,002409,雅克科技,0510－87126509
SZ,002410,广联达,010-82342000
SZ,002411,九九久,0513-84415116
SZ,002412,汉森制药,0737-6351486
SZ,002413,常发股份,0519-86237018
SZ,002414,高德红外,027-87671928
SZ,002415,海康威视,0571-89710492
SZ,002416,爱施德,0755-21519888
SZ,002417,三元达,0591-83736937
SZ,002418,康盛股份,0571-64836953
SZ,002419,天虹商场,0755-82769038
SZ,002420,毅昌股份,020-32200889
SZ,002421,达实智能,0755-26525166
SZ,002422,科伦药业,028-86133981
SZ,002423,中原特钢,"0391-6099018,0391-6099"
SZ,002424,贵州百灵,0853-3415126
SZ,002425,凯撒股份,0754-88805099
SZ,002426,胜利精密,0512-69207028
SZ,002427,尤夫股份,0572-3961786
SZ,002428,云南锗业,"0871-3629466,0871-3639"
SZ,002429,兆驰股份,0755-33345613
SZ,002430,杭氧股份,0571-85869078
SZ,002431,棕榈园林,0760-22121662、020-3788
SZ,002432,九安医疗,022-60526161
SZ,002433,太安堂,0754－88116066 转
SZ,002434,万里扬,0579－82216776
SZ,002435,长江润发,0512-56926898
SZ,002436,兴森科技,0755-26074462
SZ,002437,誉衡药业,010-59711207
SZ,002438,江苏神通,0513-83335899
SZ,002439,启明星辰,010-82779006
SZ,002440,闰土股份,0575-82519278
SZ,002441,众业达,0754-88738831
SZ,002442,龙星化工,0319-8869535、8869260
SZ,002443,金洲管道,0572-2061996
SZ,002444,巨星科技,0571-81601076
SZ,002445,中南重工,0510-86996882
SZ,002446,盛路通信,"0757-87744383,0757-877"
SZ,002447,壹桥苗业,0411-84990007
SZ,002448,中原内配,0391－8298666
SZ,002449,国星光电,0757-82100271、0757-839
SZ,002450,康得新,010-89710777
SZ,002451,摩恩电气,021-58974262-8855
SZ,002452,长高集团,0731-88585000
SZ,002453,天马精化,0512-66571019
SZ,002454,松芝股份,021-54429631
SZ,002455,百川股份,0510-86013755
SZ,002456,欧菲光,0755-27555331
SZ,002457,青龙管业,0951-5070380、0951-5673
SZ,002458,益生股份,0535-6215877
SZ,002459,天业通联,0335-5302528
SZ,002460,赣锋锂业,0790-6415606
SZ,002461,珠江啤酒,020-84206636
SZ,002462,嘉事堂,010-88433464
SZ,002463,沪电股份,0512-57356136
SZ,002464,金利科技,0512-57901098
SZ,002465,海格通信,020-38699138
SZ,002466,天齐锂业,028-85183501
SZ,002467,二六三,010-64260109
SZ,002468,艾迪西,0576-87298766-8011、057
SZ,002469,三维工程,0533-7576134
SZ,002470,金正大,0539-6088691
SZ,002471,中超电缆,0510-87698008
SZ,002472,双环传动,0576-87237669
SZ,002473,圣莱达,0574-87522922
SZ,002474,榕基软件,0591-87860988
SZ,002475,立讯精密,0755-81469677
SZ,002476,宝莫股份,0546-7788268
SZ,002477,雏鹰农牧,0371-62583588
SZ,002478,常宝股份,0519-88814347
SZ,002479,富春环保,0571-63553779
SZ,002480,新筑股份,028-82550671
SZ,002481,双塔食品,0535-8070881
SZ,002482,广田股份,0755-22190518
SZ,002483,润邦股份,0513-80100206
SZ,002484,江海股份,0513-86571350
SZ,002485,希努尔,0536-6076188
SZ,002486,嘉麟杰,021-37330000
SZ,002487,大金重工,0418-6602618
SZ,002488,金固股份,0571-63133920
SZ,002489,浙江永强,0576-85956868
SZ,002490,山东墨龙,0536-5100890
SZ,002491,通鼎光电,0512-63878226
SZ,002492,恒基达鑫,0756-3226342
SZ,002493,荣盛石化,0571-82520189
SZ,002494,华斯股份,0317-5090055
SZ,002495,佳隆股份,0663-2912816
SZ,002496,辉丰股份,0515-83255333
SZ,002497,雅化集团,0835-2872161
SZ,002498,汉缆股份,0532-88817759
SZ,002499,科林环保,0512-62515549;0512-633
SZ,002500,山西证券,0351-8686668
SZ,002501,利源铝业,0437-3166501
SZ,002502,骅威股份,0754-83689555
SZ,002503,搜于特,0769-81333505
SZ,002504,东光微电,0510-87138930
SZ,002505,大康牧业,0745-2828533
SZ,002506,超日太阳,021-51889318、021-51889
SZ,002507,涪陵榨菜,023-72231475
SZ,002508,老板电器,0571-86187810
SZ,002509,天广消防,0595-26929988
SZ,002510,天汽模,022-24895297
SZ,002511,中顺洁柔,0760-87885678
SZ,002512,达华智能,0760-22108818
SZ,002513,蓝丰生化,0516-88920479
SZ,002514,宝馨科技,0512-66729265
SZ,002515,金字火腿,0579-82262717
SZ,002516,江苏旷达,0519-86159358
SZ,002517,泰亚股份,0595-22498599、0595-220
SZ,002518,科士达,0755-86168479
SZ,002519,银河电子,0512-58449138
SZ,002520,日发数码,0575-86299888
SZ,002521,齐峰股份,0533-7785585
SZ,002522,浙江众成,0573-84187845
SZ,002523,天桥起重,0731－22337000-8007、073
SZ,002524,光正钢构,0991-3766551
SZ,002526,山东矿机,0536-6295891
SZ,002527,新时达,021-39126902
SZ,002528,英飞拓,0755-86096000
SZ,002529,海源机械,"0591-83847931,83855071"
SZ,002530,丰东股份,0515-83282838
SZ,002531,天顺风能,0512-81606958
SZ,002532,新界泵业,0576-81670968
SZ,002533,金杯电工,0731-88280636
SZ,002534,杭锅股份,0571-85387519
SZ,002535,林州重机,0372-6024321
SZ,002536,西泵股份,0377-69723888
SZ,002537,海立美达,0532-89066166
SZ,002538,司尔特,0563-4181590
SZ,002539,新都化工,028-83962682
SZ,002540,亚太科技,0510-88271111
SZ,002541,鸿路钢构,0551-6391405
SZ,002542,中化岩土,010-61271947
SZ,002543,万和电气,0757-28382828
SZ,002544,杰赛科技,020-84118343
SZ,002545,东方铁塔,0532-88056092
SZ,002546,新联电子,025－83699366
SZ,002547,春兴精工,0512-62625319
SZ,002548,金新农,0755-27166036;27166396
SZ,002549,凯美特气,0730-8553359
SZ,002550,千红制药,0519-88898908
SZ,002551,尚荣医疗,0755-82290988
SZ,002552,宝鼎重工,0571-86319217
SZ,002553,南方轴承,0519-89810127
SZ,002554,惠博普,010-82809807
SZ,002555,顺荣股份,0553-6816767
SZ,002556,辉隆股份,0551-2634360
SZ,002557,洽洽食品,0551-2227008
SZ,002558,世纪游轮,023-62949868
SZ,002559,亚威股份,0514-86880522
SZ,002560,通达股份,0379-67512588
SZ,002561,徐家汇,021-64269999
SZ,002562,兄弟科技,0573-87537359
SZ,002563,森马服饰,0577-86099288
SZ,002564,张化机,"0512-56797852,0512-587"
SZ,002565,上海绿新,021-66278702
SZ,002566,益盛药业,0435-6236009
SZ,002567,唐人神,0731-28591237
SZ,002568,百润股份,021-58135000
SZ,002569,步森股份,0575-87047953
SZ,002570,贝因美,0571-28933510
SZ,002571,德力股份,0550-6678809
SZ,002572,宁基股份,020-87533019
SZ,002573,国电清新,010-88146320
SZ,002574,明牌珠宝,0575-84025665
SZ,002575,群兴玩具,0754-85505187
SZ,002576,通达动力,0513-86213861
SZ,002577,雷柏科技,0755-27327098
SZ,002578,闽发铝业,0595-86279713
SZ,002579,中京电子,0752-2288573
SZ,002580,圣阳股份,0537-4435777
SZ,002581,万昌科技,0533-2988888
SZ,002582,好想你,0371-62589968
SZ,002583,海能达,0755-26972999-1170
SZ,002584,西陇化工,0754-82481503
SZ,002585,双星新材,0527-84252088
SZ,002586,围海股份,0574-87901130
SZ,002587,奥拓电子,0755-26719889
SZ,002588,史丹利,0539-6263620
SZ,002589,瑞康医药,0535-6737695
SZ,002590,万安科技,0575-87165511
SZ,002591,恒大高新,0791-8194572
SZ,300001,特锐德,0532-88705220
SZ,300002,神州泰岳,010-58847555
SZ,300003,乐普医疗,010-80120666
SZ,300004,南风股份,0757-81006199
SZ,300005,探路者,010-81788188
SZ,300006,莱美药业,023-67300382
SZ,300007,汉威电子,0371-67169159
SZ,300008,上海佳豪,8621-64365500
SZ,300009,安科生物,0551-5316867
SZ,300010,立思辰,010-82736600
SZ,300011,鼎汉技术,010-51103366
SZ,300012,华测检测,0755-33682137
SZ,300013,新宁物流,0512-57120911
SZ,300014,亿纬锂能,0752-2605878
SZ,300015,爱尔眼科,0731-82570739
SZ,300016,北陆药业,010-62625287 
SZ,300017,网宿科技,021-64685982
SZ,300018,中元华电,027-87180718
SZ,300019,硅宝科技,028-85317909
SZ,300020,银江股份,0571-89716117
SZ,300021,大禹节水,0937-2689028
SZ,300022,吉峰农机,028-67518546
SZ,300023,宝德股份,029-88323387
SZ,300024,机器人,024-23815033
SZ,300025,华星创业,0571-89910606
SZ,300026,红日药业,022-59623100
SZ,300027,华谊兄弟,010-65805818
SZ,300028,金亚科技,028-68232103
SZ,300029,天龙光电,0519-82330395
SZ,300030,阳普医疗,020－32218222
SZ,300031,宝通带业,0510-88155778
SZ,300032,金龙机电,0577-61806666-8982
SZ,300033,同花顺,0571-88852766
SZ,300034,钢研高纳,010-62182656
SZ,300035,中科电气,0730-8752229
SZ,300036,超图软件,010-59896000
SZ,300037,新宙邦,"0755-89924512,89923768"
SZ,300038,梅泰诺,010-82055588
SZ,300039,上海凯宝,021-37572069
SZ,300040,九洲电气,0451-86687723
SZ,300041,回天胶业,0710-3757888
SZ,300042,朗科科技,0755-26727572
SZ,300043,星辉车模,0754-89890019
SZ,300044,赛为智能,0755-86169393
SZ,300045,华力创通,010-82966393
SZ,300046,台基股份,0710-3506236
SZ,300047,天源迪科,0755-26745611
SZ,300048,合康变频,010-59180000
SZ,300049,福瑞股份,010-58235701
SZ,300050,世纪鼎利,0756-3626066
SZ,300051,三五互联,0592-5397222、5391849
SZ,300052,中青宝,0755-26944114，26525516
SZ,300053,欧比特,0756-3391979
SZ,300054,鼎龙股份,027-85791166-8316
SZ,300055,万邦达,010-58800036
SZ,300056,三维丝,0592-7769786
SZ,300057,万顺股份,0754-83597123
SZ,300058,蓝色光标,010-84575500
SZ,300059,东方财富,021-64382978
SZ,300061,康耐特,021-58598866
SZ,300062,中能电气,0591-83849849
SZ,300063,天龙集团,0758-8288888
SZ,300064,豫金刚石,0371-63377777
SZ,300065,海兰信,010-82678888
SZ,300066,三川股份,0701-6138032
SZ,300067,安诺其,021-59867500
SZ,300068,南都电源,0571-28806099、0571-236
SZ,300069,金利华电,0579-82913599
SZ,300070,碧水源,"010-88465890,010-80768"
SZ,300071,华谊嘉信,010-58039163
SZ,300072,三聚环保,010-82685562
SZ,300073,当升科技,010-63299901
SZ,300074,华平股份,021-65650210
SZ,300075,数字政通,86-10-62212336/6221233
SZ,300076,宁波GQY,021-61002033
SZ,300077,国民技术,0755-86309903
SZ,300078,中瑞思创,0571-28818665
SZ,300079,数码视讯,010-82345841
SZ,300080,新大新材,0378-2656626
SZ,300081,恒信移动,0311-86130010
SZ,300082,奥克股份,0419-5167408
SZ,300083,劲胜股份,0769-82288265
SZ,300084,海默科技,0931-8553388
SZ,300085,银之杰,"0755-83562555,0755-835"
SZ,300086,康芝药业,0898-66801661
SZ,300087,荃银高科,0551-5355175
SZ,300088,长信科技,0553-5656188
SZ,300089,长城集团,0768-2931898
SZ,300090,盛运股份,0551-4844638/0556-6205
SZ,300091,金通灵,0513－85198488
SZ,300092,科新机电,0838-8265111
SZ,300093,金刚玻璃,0754-82514288
SZ,300094,国联水产,0759-3153930
SZ,300095,华伍股份,0795-6206009
SZ,300096,易联众,0592-2517011
SZ,300097,智云股份,0411-86705641
SZ,300098,高新兴,020-32068888
SZ,300099,尤洛卡,0538-8926155
SZ,300100,双林股份,0574-83518938
SZ,300101,国腾电子,028-65557625
SZ,300102,乾照光电,0592-3716222
SZ,300103,达刚路机,029-88327811
SZ,300104,乐视网,010-51665282
SZ,300105,龙源技术,0535-6381618
SZ,300106,西部牧业,0993-2516883
SZ,300107,建新股份,0317-3598366
SZ,300108,双龙股份,0435-3752903
SZ,300109,新开源,0391-8610680
SZ,300110,华仁药业,0532-88701000
SZ,300111,向日葵,0575-88919159
SZ,300112,万讯自控,0755-86250365
SZ,300113,顺网科技,0571-88852727
SZ,300114,中航电测,0916-2577212
SZ,300115,长盈精密,0755-27347334（转8068）
SZ,300116,坚瑞消防,029-88332970
SZ,300117,嘉寓股份,010-69415566
SZ,300118,东方日升,0574-65173968
SZ,300119,瑞普生物,022-24981953
SZ,300120,经纬电材,022-28573261
SZ,300121,阳谷华泰,0635-6381900
SZ,300122,智飞生物,023-86358226
SZ,300123,太阳鸟,0737-2732399、2810158
SZ,300124,汇川技术,0755-83185787
SZ,300125,易世达,0411-84732571
SZ,300126,锐奇股份,021-57681188
SZ,300127,银河磁体,028-87823555
SZ,300128,锦富新材,0512-62820000
SZ,300129,泰胜风能,021-57243692
SZ,300130,新国都,0755-83890390
SZ,300131,英唐智控,0755-29826659
SZ,300132,青松股份,0599-5620888
SZ,300133,华策影视,0571-87553075
SZ,300134,大富科技,0755-29816308
SZ,300135,宝利沥青,0510-86017012
SZ,300136,信维通信,0755-81773388
SZ,300137,先河环保,0311－85323900
SZ,300138,晨光生物,0310-8859023
SZ,300139,福星晓程,010-68459012
SZ,300140,启源装备,029-86531303
SZ,300141,和顺电气,0512-62862607
SZ,300142,沃森生物,0871-8312779
SZ,300143,星河生物,0769-82012345
SZ,300144,宋城股份,0571-87091255
SZ,300145,南方泵业,0571-86397850
SZ,300146,汤臣倍健,020-38372403
SZ,300147,香雪制药,020-22211011
SZ,300148,天舟文化,0731-85565647
SZ,300149,量子高科,0750-3869162
SZ,300150,世纪瑞尔,010-62970877
SZ,300151,昌红科技,0755-89785568
SZ,300152,燃控科技,0516-87986552
SZ,300153,科泰电源,021-59758000
SZ,300154,瑞凌股份,0755-27345888
SZ,300155,安居宝,020-82083888
SZ,300156,天立环保,010-80470099
SZ,300157,恒泰艾普,010-82825231
SZ,300158,振东制药,0355-8096012
SZ,300159,新研股份,0991-3731024
SZ,300160,秀强股份,0527-84459081-8102
SZ,300161,华中数控,027-87180605
SZ,300162,雷曼光电,0755-86137035
SZ,300163,先锋新材,0574-88003135
SZ,300164,通源石油,029-87607465
SZ,300165,天瑞仪器,0512-57017888、0512-570
SZ,300166,东方国信,010-64398920
SZ,300167,迪威视讯,0755-26727475
SZ,300168,万达信息,021-24178888
SZ,300169,天晟新材,0519-88822688
SZ,300170,汉得信息,021-50274885
SZ,300171,东富龙,021-64909699
SZ,300172,中电环保,025-86529992
SZ,300173,松德股份,0760-23380388
SZ,300174,元力股份,0599-8558803
SZ,300175,朗源股份,0535-8611766
SZ,300176,鸿特精密,0758-2696338
SZ,300177,中海达,020-22883881
SZ,300178,腾邦国际,0755-83663222
SZ,300179,四方达,0371-66728022
SZ,300180,华峰超纤,021-57243140
SZ,300181,佐力药业,0572-8281088
SZ,300182,捷成股份,010-82330868
SZ,300183,东软载波,0532-83676959
SZ,300184,力源信息,027-87526752
SZ,300185,通裕重工,0534-7520688
SZ,300186,大华农,0766-2986988
SZ,300187,永清环保,0731-84432800
SZ,300188,美亚柏科,0592-3698792
SZ,300189,神农大丰,0898-68598068
SZ,300190,维尔利,0519-85125884
SZ,300191,潜能恒信,010-84922368
SZ,300192,科斯伍德,0512-65370257
SZ,300193,佳士科技,0755-29651666
SZ,300194,福安药业,023-61028766
SZ,300195,长荣股份,022-26986268
SZ,300196,长海股份,0519-88712521
SZ,300197,铁汉生态,0755-82927368
SZ,300198,纳川股份,0595-87770399
SZ,300199,翰宇药业,0755-26588000
SZ,300200,高盟新材,010-69343241
SZ,300201,海伦哲,0516-87987729;87987722
SZ,300202,聚龙股份,0412-2538288
SZ,300203,聚光科技,0571-85012176
SZ,300204,舒泰神,010-67875255
SZ,300205,天喻信息,027-87920301
SZ,300206,理邦仪器,0755-26851437
SZ,300207,欣旺达,0755-27352064
SZ,300208,恒顺电气,0532-66962088
SZ,300209,天泽信息,025-965180
SZ,300210,森远股份,0412-5223068
SZ,300211,亿通科技,0512-52816252
SZ,300212,易华录,010-52281160
SZ,300213,佳讯飞鸿,010-62460088 
SZ,300214,日科化学,0536-6283716
SZ,300215,电科院,0512-68252753
SZ,300216,千山药机,0731-84030025
SZ,300217,东方电热,0511-88988598
SZ,300218,安利股份,0551-8991557
SZ,300219,鸿利光电,020-86733958
SZ,300220,金运激光,027-82943465
SZ,300221,银禧科技,0769-88922988
SZ,300222,科大智能,021-50804882
SZ,300223,北京君正,010-82825005
SZ,300224,正海磁材,0535-6397168
SZ,300225,金力泰,021-57563972
SZ,300226,上海钢联,021-26093997
SZ,300227,光韵达,0755-26981580
SZ,300228,富瑞特装,0512-58982295
SH,601058,N赛轮,0532-86916215
SH,601567,三星电气,0574-88072272
SH,601798,蓝科高新,0931-7639858
SZ,002593,日上集团,0592-6666866
SZ,002594,N比亚迪,0755-89888888
SZ,002595,豪迈科技,0536-2361002
SZ,300229,拓尔思,010-82800995
SZ,300230,永利带业,021-59884061
SZ,300231,银信科技,010-82629666
SZ,300232,洲明科技,0755-29918999
SZ,300233,金城医药,0533-5439432
SZ,300234,开尔新材,0579-82888566
SZ,300235,方直科技,0755-86336966
SZ,300236,上海新阳,021-57850066
SZ,300237,美晨科技,0536-6151511
